{"type":"FeatureCollection","features":[{"type":"Feature","id":1,"geometry":{"type":"LineString","coordinates":[[28.198871593269498,-25.762357344931086],[28.199345768079745,-25.761913747515791],[28.199379919491129,-25.761874762541005],[28.199412881468852,-25.761834778156818],[28.199444254717999,-25.761793882428037],[28.199474237979015,-25.76175216670859],[28.199502633118442,-25.761709449389894],[28.199529637666146,-25.761666002338874],[28.199554853539034,-25.76162173310745],[28.199578678217261,-25.761576824401985],[28.199600813290374,-25.761531184322465],[28.199621357221734,-25.761484993930925],[28.19964021094583,-25.761438162423453],[28.199657373254006,-25.761390870313964],[28.19967043585584,-25.761330648490834],[28.199706543256553,-25.761163414806859],[28.199745485592761,-25.760930126412195],[28.199830642612469,-25.760419452417452],[28.200183744493774,-25.758105592730335],[28.201864762917452,-25.758324492270884],[28.201890815137983,-25.758214517884927],[28.202624636485304,-25.75679270127857],[28.203727784975371,-25.754658763030733],[28.203783338293256,-25.754548588502885],[28.204239877345685,-25.753643789964823],[28.205716820919051,-25.754281779744627],[28.207194870167953,-25.75490577047146],[28.207880274567909,-25.755195715888391],[28.207992084880949,-25.755288931044841],[28.208036893090391,-25.755339093148624],[28.208080425760375,-25.755387870931507],[28.208138874764856,-25.755481803932078],[28.208233886852774,-25.75560960819335],[28.208335813699662,-25.755727285800106],[28.208459772885032,-25.755870402891983],[28.208124856551226,-25.756519718183558],[28.207459941452122,-25.757811603350696],[28.207379951688171,-25.757969574334702],[28.207025855220792,-25.758653532402946],[28.206952009030882,-25.758876794608053],[28.206992743575469,-25.758881619765752],[28.207033271589015,-25.758887526908016],[28.207073592473105,-25.758894606291847],[28.207894853726092,-25.759037536044989],[28.208252889813799,-25.759081544881372],[28.208616853765918,-25.759133527953793],[28.209272863749124,-25.759215528611335],[28.21030089379785,-25.759352527516572],[28.2113259816017,-25.759482643491456],[28.211963024866641,-25.759569583901367],[28.212346979377298,-25.759613632756619],[28.213375030667816,-25.75974853419719],[28.214136982182907,-25.759848686187812],[28.21477285510851,-25.759932358682747],[28.215306949696977,-25.760002572636981],[28.216983061637318,-25.760218564235419],[28.217986244197931,-25.760347522861732],[28.218028513034923,-25.760361740249881],[28.21806997209292,-25.760377848740614],[28.218110623738234,-25.760395487306528],[28.218150367117961,-25.760414835927062],[28.218189103743775,-25.760435713553623],[28.218226733353681,-25.760458209908808],[28.218263257130662,-25.760482144479393],[28.218298475140585,-25.760507606452848],[28.21833238856593,-25.76053441531603],[28.218365096487837,-25.76056266186206],[28.2183962014008,-25.760592163437067],[28.218425802976519,-25.760622920577227],[28.218453901214687,-25.760654933283384],[28.218480398215657,-25.760687930250224],[28.218505193715785,-25.760722001200556],[28.218528188042161,-25.760757145600145],[28.218545935803149,-25.760786755959725],[28.218562483962245,-25.760816901438961],[28.218577631992755,-25.760847761482278],[28.218591581601522,-25.760878976131945],[28.218892551386716,-25.76146556774982],[28.218928815153554,-25.761529305511417],[28.218966778710747,-25.761592240042262],[28.219006442650841,-25.76165428108402],[28.219047806975652,-25.761715428635405],[28.219090772014034,-25.761775682160319],[28.219135438621379,-25.761834861678008],[28.219181706535675,-25.76189305690934],[28.21922957634856,-25.761950177595811],[28.219278948978353,-25.762006132944304],[28.219329922918359,-25.762061104001919],[28.219981968380612,-25.762870964193652],[28.220078112799452,-25.76300999175394],[28.220152186007443,-25.763136482108724],[28.220236333611616,-25.763335626280337],[28.220740569573312,-25.764561558872561],[28.221656965005707,-25.766770344962985],[28.218009167020085,-25.768928227197591],[28.215636009901544,-25.770053275207118],[28.214831357616998,-25.770403026471481],[28.214795670871691,-25.770418178141679],[28.214760673562242,-25.77043459716327],[28.214726465961871,-25.770452193817821],[28.214692947201726,-25.770471148081626],[28.214660319017394,-25.770491100003586],[28.21462417409597,-25.770515275161568],[28.214589215221867,-25.770540991131554],[28.214555642943068,-25.770568068476678],[28.214513831081558,-25.77059797883253],[28.214463444146638,-25.770639738260535],[28.214421373229818,-25.77067779857358],[28.21439374841264,-25.770709962544764],[28.214369826455254,-25.77074097311905],[28.214347361991155,-25.770775749082109],[28.214321941851281,-25.770809167820826],[28.214296548216527,-25.770838559295484],[28.214269654639153,-25.770870627902944],[28.214241296482008,-25.770900003361813],[28.214207296528993,-25.770930690519037],[28.214174526952657,-25.770954673478865],[28.21412696039517,-25.770974550028907],[28.21408682274895,-25.770991782348226],[28.214017075467456,-25.771003486079575],[28.213932530217036,-25.771011082447462],[28.213854425091412,-25.771003920840631],[28.213714755415939,-25.770991114781609],[28.213567395124276,-25.770964398579473],[28.213417156478851,-25.770937160313483],[28.213267243725451,-25.770921585248509],[28.21310420816539,-25.770918019474855],[28.212924471181907,-25.770922823264829],[28.212841059506353,-25.770919213031277],[28.212757536842151,-25.770917317089658],[28.212674003461689,-25.770917045722207],[28.212590359681155,-25.770918398389504],[28.212506903942689,-25.770921466966179],[28.212423537158021,-25.77092616065627],[28.21234025872792,-25.770932569716617],[28.21225716892512,-25.770940604430063],[28.212174267746228,-25.770950264796848],[28.212091654868331,-25.770961551356883],[28.212009329692034,-25.770974554367317],[28.210279506990357,-25.771231535078943],[28.209804731375119,-25.768684619532831],[28.209792346683425,-25.768628049537782],[28.209778066320304,-25.768571740028882],[28.20976188789751,-25.768516052032659],[28.20974371353239,-25.768460714237055],[28.209723740790871,-25.768405998494124],[28.209701869996945,-25.768351904261944],[28.209678101152925,-25.768298431539712],[28.209652533939142,-25.768245580867823],[28.20962516716202,-25.768193532758936],[28.209596000823442,-25.768142287212054],[28.209565134603164,-25.768091844767504],[28.209532468226961,-25.768042295139665],[28.20949820045433,-25.767993729666863],[28.209462231608583,-25.767946147806615],[28.209424660770793,-25.767899640355889],[28.209385487941905,-25.767854207313473],[28.209344713122746,-25.767809848678116],[28.209302535071444,-25.767766655788304],[28.209258853512647,-25.767724718358021],[28.209213768124243,-25.76768403692752],[28.209167179826878,-25.767644520697147],[28.209119485536469,-25.7676064426023],[28.20907038621985,-25.767569801016844],[28.209019982152356,-25.767534506224372],[28.208968472688465,-25.767500559306992],[28.208915756355022,-25.767468230491954],[28.208862033702502,-25.767437340348121],[28.208807204454011,-25.76740797858924],[28.208751368285697,-25.767380145755919],[28.20869472395238,-25.767353933187614],[28.208637072097712,-25.767329339799382],[28.208578711751912,-25.767306367216012],[28.208519543235809,-25.767285014894608],[28.208459665626052,-25.767265373632949],[28.208399178597741,-25.767247443972241],[28.208338082148568,-25.767231225911676],[28.208276475953429,-25.767216719992664],[28.20821436000988,-25.767203926214517],[28.208151933070969,-25.767192935917809],[28.208100947459165,-25.767185257204584],[28.208049953468858,-25.767178842067779],[28.207998652665932,-25.767173598623497],[28.207947344080416,-25.767169528498599],[28.206489016742214,-25.767109234387313],[28.206427443912478,-25.767104746728251],[28.206365982169725,-25.767098544709651],[28.206304731193683,-25.76709062887528],[28.206243791264299,-25.767080909512334],[28.206183260860524,-25.76706956767833],[28.206123040908071,-25.767056512573397],[28.206063430440473,-25.767041745829172],[28.206004329783028,-25.76702526690266],[28.205945737736894,-25.767007256307899],[28.205887854859228,-25.766987534619851],[28.205830680551458,-25.766966192096074],[28.205774314492423,-25.766943229281363],[28.205718656406273,-25.766918735889412],[28.205663905648422,-25.766892713009021],[28.205610062821133,-25.766865070384558],[28.205557126724212,-25.76683598853041],[28.205505296712474,-25.766805468535768],[28.20545467306459,-25.766773420689269],[28.205404955549273,-25.766740023873023],[28.205356543475283,-25.7667051900081],[28.205309236888738,-25.766669008263985],[28.205263234542425,-25.76663156998697],[28.205218536436508,-25.766592875178237],[28.205175242247638,-25.766552924383323],[28.205133351374535,-25.766511807860116],[28.205092764741597,-25.766469434808741],[28.205054557747449,-25.766428970202092],[28.20501785314071,-25.766387430672086],[28.204982450966661,-25.766344905387612],[28.20494855057748,-25.766301395438532],[28.204916051694635,-25.766256990538071],[28.204885053993554,-25.766211691231582],[28.204855656548055,-25.766165588321197],[28.204827858755447,-25.766118772064527],[28.20480146186334,-25.766071151116645],[28.204776863973674,-25.766022817913235],[28.204753765454946,-25.76597386107807],[28.204732365657716,-25.765924281701007],[28.204712564904167,-25.76587407923812],[28.204694561341537,-25.765823435292639],[28.20444833288359,-25.765093691841439],[28.204044279229848,-25.765116845932805],[28.203997188514503,-25.765123177391974],[28.203950385382448,-25.76513122534773],[28.203904070386539,-25.765140810377279],[28.203858043572257,-25.765152021647346],[28.203812603963947,-25.765164860793796],[28.203529750743073,-25.765234167376349],[28.203468469299263,-25.765245926868257],[28.203406799383519,-25.765256149789042],[28.203344841276078,-25.765264746427174],[28.203282594979427,-25.765271716782344],[28.203220159569007,-25.765277151656523],[28.203157635325294,-25.765280961338565],[28.203094922575353,-25.765283145282694],[28.203032220672721,-25.765283704580249],[28.202969529619956,-25.765282639231295],[28.202906948492274,-25.765280040038402],[28.202743662396859,-25.765266870405384],[28.202672520652907,-25.765262509283531],[28.202601166900482,-25.765260042424128],[28.202529801090183,-25.765259380662378],[28.202458523497363,-25.765260434287697],[28.202387233237101,-25.76526338326719],[28.202316030584701,-25.765268137890434],[28.202245015212387,-25.765274698703685],[28.202174286792392,-25.765283066253563],[28.198774932143706,-25.765668938609924],[28.198829286137851,-25.765248897544502],[28.198840097106352,-25.765212401798021],[28.198852898544313,-25.765176368305539],[28.198867590168991,-25.765140886774425],[28.19888407109201,-25.765106137168587],[28.198902440987347,-25.765072120035956],[28.198922499291797,-25.765039014791775],[28.198944346285391,-25.765006731727368],[28.199072639595141,-25.764842352384232],[28.19909167320148,-25.764813393430718],[28.199109018380707,-25.764783522585404],[28.199124475178106,-25.764752829008611],[28.199138142058427,-25.764721493762504],[28.199150019022813,-25.764689516847586],[28.199159906117149,-25.764656987424104],[28.19916800148134,-25.764624087102376],[28.199174105767142,-25.764590814785972],[28.199259978942894,-25.76398907316797],[28.199453952320635,-25.762788721995211],[28.199055648592523,-25.762739925245942],[28.19903432820637,-25.762738363774712],[28.199013417416161,-25.76273517987573],[28.198992715664819,-25.762730552965422],[28.198972522578512,-25.76272439443277],[28.198952937831127,-25.762716704826513],[28.198934059279321,-25.762707755465119],[28.198909984747633,-25.762672789872088],[28.198877764811378,-25.762600967843788],[28.198852904577365,-25.762469961367888],[28.198852195252837,-25.762418373922085],[28.198859791596238,-25.762386892453605],[28.198871586860349,-25.762358299845747]]},"properties":{"OBJECTID":1,"Route_Type":"Feeder Route","Route_Code":"Line 2A - F04","Route_Description":"Muckleneuk Groenkloof Anti-Clockwise","Shape.STLength()":7352.0193907107296}},{"type":"Feature","id":2,"geometry":{"type":"LineString","coordinates":[[28.20020567177508,-25.757997547429309],[28.201149136018856,-25.756162850207346],[28.202277873668066,-25.754016990349246],[28.202512820437622,-25.753535801206947],[28.202787989482161,-25.753047171476375],[28.207884465934331,-25.755197487030252],[28.207979230093052,-25.75523757892255],[28.208020263124816,-25.755254024583518],[28.208095152195934,-25.755287776728821],[28.208137841511896,-25.755313281749018],[28.208174867168438,-25.755336138411309],[28.208210786323772,-25.755360523469115],[28.208263329840015,-25.755400956912357],[28.208310646706707,-25.755442132738182],[28.208349174062192,-25.755483542369205],[28.208402580963345,-25.755537486081248],[28.208503061748015,-25.755673498375462],[28.208472372781948,-25.755633386916394],[28.208536905893258,-25.755717734718633],[28.208602370926773,-25.755803299752117],[28.20865527366124,-25.755872444952242],[28.208720532493505,-25.755958618971579],[28.208880024814398,-25.756166940492129],[28.209144144856129,-25.756498090273954],[28.209230504768229,-25.756551632315556],[28.209438882954668,-25.756647356582032],[28.209667818396142,-25.756724327783179],[28.213769689096395,-25.757259395294376],[28.213373551659366,-25.759746089181437],[28.217984646494106,-25.760347965580063],[28.218292731999838,-25.760501798960394],[28.218430171405167,-25.760625561576731],[28.218526657508537,-25.76076255299618],[28.218664041160014,-25.76101674109259],[28.218894195170638,-25.76145808497337],[28.219053942406724,-25.761722231065527],[28.219206087847141,-25.761929562546449],[28.219981968380612,-25.762870964193652],[28.220078112799452,-25.76300999175394],[28.220152186007443,-25.763136482108724],[28.220236333611616,-25.763335626280337],[28.22073943307241,-25.764567690481005],[28.221649042238361,-25.766777703929144],[28.218010688228496,-25.768924263926703],[28.215701393277254,-25.770024293056519],[28.215024260615511,-25.770370400069567],[28.21489577321579,-25.77044543516017],[28.214813057454769,-25.770487591654422],[28.214711545816751,-25.770553294810018],[28.214649807784543,-25.770603868323548],[28.214593320670943,-25.770659344189127],[28.214567309206082,-25.770688718840137],[28.214519850736398,-25.770750651863732],[28.21448534783913,-25.770797942414028],[28.214460780866343,-25.770850160627884],[28.214430015110167,-25.770920307121823],[28.214417218859722,-25.770956161538638],[28.214397298617971,-25.77102934514803],[28.21438711349321,-25.771077398759601],[28.214375921678936,-25.77121778293797],[28.214386599867684,-25.771397638542162],[28.214239712843984,-25.771360109707633],[28.213855276807497,-25.771262267657182],[28.213769393887052,-25.771240321819267],[28.2136830018894,-25.771219997860811],[28.213508890010875,-25.771184216655715],[28.213333238402193,-25.771155196421631],[28.213244997543136,-25.771143166131978],[28.213156439874879,-25.771132773197941],[28.21297874562195,-25.771117095462213],[28.212833519975604,-25.771109510740114],[28.212635945945657,-25.77110604735347],[28.212480341321527,-25.771109323072981],[28.212329676011255,-25.771118945364101],[28.212237020960835,-25.771124628468119],[28.212150342140802,-25.771133153659445],[28.212040706131052,-25.771144232516686],[28.211325950883197,-25.771256729418223],[28.210735269179434,-25.771347114112181],[28.210314926365321,-25.771411431256002],[28.210279508852548,-25.771231554946251],[28.210242338614595,-25.771032157616805],[28.210162007339274,-25.770594835431858],[28.209951891363161,-25.769463098490046],[28.209836337296036,-25.768835799701467],[28.209812170785707,-25.76872448985204],[28.209800793228155,-25.76866049061049],[28.209782414011514,-25.768588815552125],[28.209761870057022,-25.768516036591599],[28.209729800100593,-25.768424263913602],[28.209701835264994,-25.768351880605739],[28.209656966801415,-25.768254759108121],[28.209578920627976,-25.768114408817386],[28.209462188633495,-25.767946164722584],[28.209358106646619,-25.767824391015726],[28.209283590443771,-25.76774848281676],[28.209201014817232,-25.767673220377628],[28.20912728768613,-25.76761740645729],[28.209082260966788,-25.767578714636056],[28.209026825394474,-25.767539298310638],[28.20895693763816,-25.767493485218399],[28.208893385144837,-25.767454065344666],[28.208639747225188,-25.767331791364175],[28.208322627387439,-25.767231863929329],[28.208029223609994,-25.767178277971809],[28.206935037050727,-25.767131883586732],[28.206502940327191,-25.767114003814509],[28.206173880411331,-25.767071141196556],[28.205876604575,-25.76698548751888],[28.205575351902436,-25.766853417918046],[28.205281904536434,-25.766657034975093],[28.205052044792822,-25.766432115575565],[28.204861702374444,-25.766185749318741],[28.204762637510253,-25.766003695336277],[28.204683400377629,-25.765793046963584],[28.204528705946096,-25.765343158336353],[28.204445444704888,-25.76509331501595],[28.204247235346209,-25.765100445200396],[28.2040610156619,-25.765118291352316],[28.203862691588554,-25.76515755292742],[28.20351386500133,-25.765239676566441],[28.203260242366738,-25.765275385348147],[28.202800346984837,-25.765271784131734],[28.202534773403777,-25.765261122843341],[28.202266934762299,-25.76527617273689],[28.198786901104331,-25.765667831116208],[28.198799317526799,-25.765496134917051],[28.198833235276773,-25.765239712773493],[28.198887526692346,-25.765096227600345],[28.198948528681647,-25.764992493682719],[28.199050202491097,-25.764873458844068],[28.199128132868339,-25.764757362128218],[28.199164853422104,-25.764632734732114],[28.199453286789282,-25.76279283689523],[28.199379611501797,-25.762783183662858],[28.199014649162919,-25.762735367173345],[28.198992715664819,-25.762730552965422],[28.198962013420008,-25.762720268587593],[28.19893399117111,-25.762707655804395],[28.198916108612718,-25.762697337263329],[28.198899123092939,-25.762685690517905],[28.198881277556339,-25.762671342071254],[28.198864671914436,-25.762655818944047],[28.198849403265292,-25.762639208320664],[28.198835557688319,-25.762621605448203],[28.198727006146893,-25.762409791642519],[28.198665113969017,-25.762295460795247],[28.198854465982738,-25.762151045568707],[28.199037326908073,-25.762009260646945],[28.199296778810414,-25.761787204417004],[28.199573180174497,-25.761415680182616],[28.199704898108056,-25.761185790228392],[28.199828247475335,-25.760419890552047],[28.200183253879405,-25.758105477209991],[28.20020567177508,-25.757997547429309]]},"properties":{"OBJECTID":2,"Route_Type":"Feeder Route","Route_Code":"Line 2A - F07","Route_Description":"Muckleneuk Groenkloof Clockwise","Shape.STLength()":7321.8409892091677}},{"type":"Feature","id":3,"geometry":{"type":"LineString","coordinates":[[28.181388069269353,-25.754900245445356],[28.180360527597678,-25.742591147882944],[28.180230940099833,-25.741084973584545],[28.179943584499771,-25.741134352838742],[28.179615708593015,-25.741206790351665],[28.179260696088324,-25.741312470369831],[28.179052187952699,-25.741388196716905],[28.178823822557259,-25.741482043304078],[28.178729110502619,-25.741530791187561],[28.178607194764222,-25.741593556397511],[28.178443673399936,-25.741677749198708],[28.178226490110344,-25.741768498804131],[28.177971080174697,-25.741838543344649],[28.177713833749355,-25.741871299736427],[28.177482920592137,-25.741871710832115],[28.177287744742191,-25.741849036386522],[28.177095580824897,-25.741808687764873],[28.176915001133537,-25.741750442644165],[28.176698250261516,-25.741662568131488],[28.176448708122869,-25.741560788394828],[28.17629188124959,-25.741497712523937],[28.176115459943411,-25.741443551635928],[28.176017542055693,-25.741422328217155],[28.175875161943338,-25.741403199919013],[28.175714555649765,-25.741396875494008],[28.175619745883544,-25.741401844754847],[28.171882548583856,-25.741659908167996],[28.171769877852253,-25.740316653047113],[28.173797627001253,-25.740214080766172],[28.17876124858125,-25.739856470749633],[28.18048314741602,-25.739708845846653],[28.182565369284898,-25.739566201655375],[28.184999732659502,-25.739342188359974],[28.187355487690809,-25.739216440137451],[28.18991206028268,-25.739118216893875],[28.190692861237807,-25.739090605139936],[28.191246907064745,-25.739141791058618],[28.192128155557988,-25.739306802791219],[28.192389935059357,-25.739354016336193],[28.192581881987945,-25.7393972319311],[28.192878635722824,-25.739460072948116],[28.193197068279336,-25.739515090555741],[28.193463134434914,-25.739562235669883],[28.194741413789323,-25.739817703998803],[28.195151488513332,-25.739923769650069],[28.195408891112642,-25.740147773240395],[28.196277087995931,-25.740788358959481],[28.196499538893715,-25.740949436998566],[28.197053554379533,-25.741244122733622],[28.197262983664395,-25.741385631652886],[28.197542216735815,-25.741417046448252],[28.197712296334231,-25.741452462771864],[28.19789562504489,-25.7415035668695],[28.19812089861562,-25.741586131686997],[28.198436974032546,-25.741696634991492],[28.198635110617584,-25.741739154685316],[28.198852197285216,-25.741764628916282],[28.199088190572287,-25.741764663163533],[28.199196677135486,-25.741756143400178],[28.199267477174317,-25.742121635041904],[28.199380703692221,-25.742461725975726],[28.199489262146773,-25.742725160281676],[28.199668522073093,-25.743116249863039],[28.19989972113099,-25.743460508761224],[28.20004132620959,-25.743715459223605],[28.200244223817904,-25.744149009950707],[28.200366838733927,-25.744650536820842],[28.200404586095917,-25.745398639663957],[28.200409429829353,-25.745866123531705],[28.200437638352337,-25.746461092699672],[28.200381088646161,-25.746869119034848],[28.20033391975786,-25.747111479247117],[28.200130977070454,-25.74750245467003],[28.199891456572146,-25.747937997813523],[28.199547287425659,-25.748507182079901],[28.199331455577802,-25.748946825821616],[28.199172241434834,-25.749266193099668],[28.199048942612229,-25.749520680210896],[28.198807396257415,-25.749826145405784],[28.198571017891801,-25.750029644737573],[28.198293530127156,-25.750136068296737],[28.197815778727705,-25.750173241882173],[28.197301980097148,-25.750205611928475],[28.196664868748183,-25.750256525302451],[28.196135758582791,-25.750298103530984],[28.195750428755066,-25.750330545412687],[28.19612899739159,-25.754781821896113],[28.196648189362097,-25.754735947137878],[28.197010961537554,-25.754740024302293],[28.197319237882805,-25.754785048951984],[28.198058233162147,-25.754882991563413],[28.198226875341476,-25.754924414584412],[28.199016645795318,-25.755262408569106],[28.199681402269576,-25.755528612484849],[28.200387126178533,-25.755835212243124],[28.201147724890493,-25.75616564774614],[28.202619019491117,-25.756797995857056],[28.20188910073314,-25.758202594165127],[28.201866453077461,-25.758325133356927],[28.200188933954713,-25.758104628380458],[28.198502545905995,-25.757810583736585],[28.196929263017797,-25.75744719217678],[28.196630042435814,-25.757373694422338],[28.196135951776306,-25.757198209594861],[28.195573691444174,-25.756977667798964],[28.19487105010354,-25.75674903655074],[28.193792055893869,-25.756475444921993],[28.193588021700887,-25.756446875925434],[28.193261669473795,-25.756450934822638],[28.19252258906997,-25.756512185767384],[28.191371082786322,-25.756585764956949],[28.188922934553954,-25.756749056300318],[28.18768978253723,-25.756838849477564],[28.186982504622492,-25.756883732081953],[28.186474725476003,-25.756920429381903],[28.186361448215283,-25.755450547043157],[28.183485576518649,-25.755650980385557],[28.183292267970948,-25.755657839010414],[28.183110309831459,-25.75563732209007],[28.182970124706245,-25.755586080263605],[28.182750265136526,-25.75545297677904],[28.182371082455994,-25.755152539310796],[28.182280093460509,-25.755063754252028],[28.182125053005802,-25.754955113237372],[28.181976946525015,-25.754896424673504],[28.181825341643123,-25.754882846187378],[28.181628200596045,-25.754896450570289],[28.181379167991384,-25.754890176564196]]},"properties":{"OBJECTID":3,"Route_Type":"Feeder Route","Route_Code":"Line 2A - F05","Route_Description":"Pretoria CBD Clockwise","Shape.STLength()":10299.803462542071}},{"type":"Feature","id":4,"geometry":{"type":"LineString","coordinates":[[28.183731418392235,-25.753397849582367],[28.183735152637219,-25.753624332389702],[28.183690774350513,-25.753817600625823],[28.183613075201539,-25.754000843694186],[28.183571547985562,-25.754112352481869],[28.183426764675048,-25.754325636807806],[28.183176619039394,-25.754540496151691],[28.182858474574264,-25.754700456514854],[28.182607006675063,-25.754817014512334],[28.182399837114172,-25.754926961086198],[28.182237165994312,-25.755030207292918],[28.182436906115747,-25.755190186232365],[28.18267365088418,-25.755389996683828],[28.182873284897784,-25.755536525736421],[28.183098998437732,-25.755629857322365],[28.183317148903171,-25.755663213645246],[28.183598280407459,-25.755639878632554],[28.184190099191504,-25.755599961550452],[28.184615400565512,-25.755569850502511],[28.185118489375689,-25.755533223594725],[28.185677017335692,-25.755493294636466],[28.186361275328682,-25.755446664904436],[28.188809820396674,-25.755280078785251],[28.188928193658754,-25.756752515472847],[28.18648335228136,-25.756912354203813],[28.186361253186909,-25.755449914134477],[28.188806132725929,-25.755280058239201],[28.188416034149125,-25.750658924849812],[28.190855050810537,-25.750442245231991],[28.191408761211495,-25.750388818273926],[28.191797740604059,-25.750376897177681],[28.192278890460472,-25.75038281624985],[28.19267109687075,-25.750409541988169],[28.193073150593484,-25.750439209561701],[28.193313844579375,-25.75045408216922],[28.193551070840591,-25.750451153957169],[28.1938840583881,-25.750421406741065],[28.194401490728833,-25.750293844594516],[28.194773886870571,-25.750213677483412],[28.19513314573787,-25.750160244020503],[28.195436371968132,-25.750124552085975],[28.195733079221274,-25.750109673576222],[28.196210959675582,-25.750082977708363],[28.19730521634397,-25.750020686937106],[28.197967718026192,-25.749988052849854],[28.198135815531401,-25.749964247348871],[28.197552258950637,-25.74284492700518],[28.192645214340764,-25.743180022182532],[28.187817596904708,-25.74351196453755],[28.187548412804581,-25.740581074660916],[28.185128015811497,-25.740756016589149],[28.183868730271346,-25.740843919456921],[28.181164291171289,-25.741019730731967],[28.180243328819284,-25.741094971901624],[28.180071915807773,-25.741109531763108],[28.179867743420949,-25.741148999220339],[28.179615708593015,-25.741206790351665],[28.179417903128304,-25.741262359295781],[28.179210943943207,-25.741330241989694],[28.179078968657009,-25.741377696993592],[28.178888190203267,-25.74145478666679],[28.178702306777954,-25.741544630331138],[28.178547086708917,-25.741624537586514],[28.178362591737688,-25.741715291234964],[28.178205308566081,-25.741776322162831],[28.178020095997113,-25.741826454373712],[28.17781494635101,-25.741862844562235],[28.177613951791241,-25.74187470723615],[28.177426748556517,-25.741866519570863],[28.177251709931156,-25.741842965945075],[28.177073301568587,-25.741802243697204],[28.176891446901454,-25.741741012768593],[28.1766989459814,-25.741662842843699],[28.176475739010346,-25.741571862675812],[28.176262058813418,-25.741486802941278],[28.176097055527478,-25.741438844276335],[28.175956319038189,-25.741412594826244],[28.175817886540639,-25.741399084917312],[28.175681662693925,-25.741397682196812],[28.174184575363082,-25.741500582290779],[28.17292039550377,-25.74158809163929],[28.171882548583856,-25.741659908167996],[28.171769877852253,-25.740316653047113],[28.174314576038132,-25.74018172053966],[28.177181147982804,-25.739976715216599],[28.180117723220157,-25.739735040755292],[28.18161312188338,-25.739627556640979],[28.182570702789096,-25.739558649749668],[28.182562608625791,-25.739561853684162],[28.182693013686595,-25.740923525140378],[28.182804505758785,-25.742384285840682],[28.182930023901942,-25.743849186604933],[28.183060171748252,-25.745322416911215],[28.183180982047762,-25.746791532801097],[28.183301794788257,-25.748260648369481],[28.183427265697532,-25.749733941677398],[28.183496931638267,-25.750608679499557],[28.183543443320961,-25.751182000039734],[28.18372469579192,-25.753404400860902]]},"properties":{"OBJECTID":4,"Route_Type":"Feeder Route","Route_Code":"Line 2A - F06","Route_Description":"Pretoria CBD Anti-Clockwise","Shape.STLength()":9723.53574343338}},{"type":"Feature","id":5,"geometry":{"type":"LineString","coordinates":[[28.188848758567882,-25.755361815726559],[28.188701049933801,-25.753679686000826],[28.188596394623115,-25.75242772890801],[28.188576695824949,-25.752204245747915],[28.188473690660224,-25.750931093703297],[28.188376127258287,-25.749931573036136],[28.1883522901405,-25.749636505943755],[28.188338495351893,-25.749493380609366],[28.188326764997679,-25.749356952331507],[28.188319061207412,-25.749248965736292],[28.188311283393684,-25.749151725976716],[28.188289684324616,-25.748915418806909],[28.18827061424582,-25.748694887817763],[28.188248549774706,-25.748449504204469],[28.188242666013252,-25.748384036560957],[28.188238829408171,-25.748327655062781],[28.188234432513749,-25.748276285283154],[28.188230560206247,-25.748225157616222],[28.188232441460517,-25.748181226855902],[28.188236062050954,-25.74803652605188],[28.18825533909002,-25.7478384190585],[28.188224798129795,-25.747443489710218],[28.188209716811123,-25.747256988152923],[28.18820278222157,-25.747175747129788],[28.188193896986487,-25.74710143261181],[28.188196208042736,-25.74707183300897],[28.188202737706792,-25.747042256019782],[28.188218206796684,-25.747016550468221],[28.188246915061558,-25.746982798926602],[28.188276635511091,-25.746955262905761],[28.188305243131101,-25.746936317034283],[28.188338595912438,-25.746917636793032],[28.188383076423488,-25.746891137964109],[28.18842388175096,-25.746862229458632],[28.188465227234538,-25.746831414050522],[28.188502884545656,-25.746800100603245],[28.188537934041264,-25.746764474435331],[28.188568211775884,-25.746732641472473],[28.188595335653886,-25.746699120218651],[28.188622484847087,-25.746662016682357],[28.188643272200814,-25.746629654254036],[28.188665160359573,-25.746590610594247],[28.188683923243648,-25.746545818011683],[28.18869844706823,-25.746503867564613],[28.188709272377555,-25.746463091553778],[28.188718095569754,-25.746406303100922],[28.188718103617877,-25.746327494457791],[28.188712136947718,-25.746274206030421],[28.188708229787593,-25.746228332198648],[28.188702902242696,-25.746158568567626],[28.188693148460086,-25.746041734974181],[28.188687739831114,-25.745983911381508],[28.188682803247787,-25.745934211108004],[28.188677744395012,-25.745902659628808],[28.188664239941133,-25.745872016048942],[28.188641711157363,-25.745850158643016],[28.188617565735935,-25.745833307070995],[28.188570727718133,-25.745818717338896],[28.188502718045175,-25.745815472637712],[28.188406174692037,-25.745820188680749],[28.188258441726671,-25.745829873377296],[28.188203580232923,-25.745831954952308],[28.188155612222189,-25.745828344329603],[28.188119283206348,-25.745819544544176],[28.188089850933515,-25.745804574216244],[28.188063616299246,-25.74578484515245],[28.18804690339147,-25.745760870991273],[28.188038100414943,-25.745736940026621],[28.188032494069223,-25.745708251229015],[28.188027954453478,-25.745677753250636],[28.188004690068883,-25.745415048259918],[28.187944401824211,-25.744780185385608],[28.187921198432463,-25.744508405957987],[28.187882025918981,-25.744064591297136],[28.187868570914993,-25.743910482184798],[28.187860283278862,-25.743771923893945],[28.187854698515952,-25.743623828457562],[28.187856317321131,-25.743579657023641],[28.187853242671949,-25.743450083392396],[28.187853672886192,-25.743386800899096],[28.187828008488818,-25.743089335040231],[28.187809803396618,-25.742858181461916],[28.187789038578586,-25.742615669723719],[28.187779271268763,-25.742500985050533],[28.187763548980389,-25.742292533052453],[28.187751420832555,-25.742137236256024],[28.187741384697556,-25.742061953984798],[28.187723529199321,-25.741973493467718],[28.187709452519055,-25.741910726677343],[28.187690619595568,-25.741772109533972],[28.187657666270535,-25.741383257099621],[28.187640597435191,-25.741178976592334],[28.18761257305616,-25.740840899408088],[28.187594116913065,-25.740646759982727],[28.187578293612685,-25.740453232757684],[28.187537439469374,-25.740063142032255],[28.187498880374108,-25.739723215264807],[28.187470166441969,-25.739486629760879],[28.187449095140632,-25.739289490802356],[28.187435526382345,-25.739152097096198],[28.18743610093707,-25.739055593363261],[28.187386358667926,-25.738460431774921],[28.187352150250724,-25.738062496483529],[28.187328848551125,-25.737805642521902],[28.187297981701782,-25.737497997624775],[28.187275802687996,-25.737269807472323],[28.187257230718409,-25.737092980970363],[28.187236256526095,-25.73688151459104],[28.187225447793526,-25.736726225022327],[28.18721436295613,-25.736611532888155],[28.187209503603423,-25.736550608209377],[28.187198556857901,-25.736415617352662],[28.18718633135834,-25.736274649556876],[28.187174123129378,-25.73613129267013],[28.187164433914319,-25.736005264426051],[28.187155928084934,-25.735898945654693],[28.187155308162886,-25.735796252404196],[28.187154689241961,-25.735693558255292],[28.187160676426082,-25.735588514489525],[28.187170579114117,-25.735489461468571],[28.187177742526114,-25.735405319470829],[28.187190216943019,-25.735315834824714],[28.187210705140597,-25.735210871056676],[28.187229835328655,-25.735111869509016],[28.187254190220926,-25.735020062854506],[28.187278491303243,-25.734936016456366],[28.187310990792543,-25.734809626040065],[28.187348706825997,-25.734691623700343],[28.187384982635816,-25.734591524527065],[28.187423895105795,-25.734491440049219],[28.187457416357159,-25.734408639180437],[28.187493504282546,-25.734336002365584],[28.187572290017659,-25.734188377284251],[28.187629624737983,-25.734093171138234],[28.187713601412366,-25.733957515425516],[28.187753539607225,-25.733900422938024],[28.18780810344084,-25.733824904143201],[28.187857342047252,-25.733757117106112],[28.187889256403736,-25.733716696019055],[28.187969010731301,-25.733620421462632],[28.188044711543768,-25.733538452157902],[28.188112422029718,-25.733468379695118],[28.188176144942798,-25.733403061543527],[28.188242508542405,-25.733337160554246],[28.188307492907271,-25.733280206555118],[28.188381745181044,-25.733217335255862],[28.188501054302932,-25.733120085700868],[28.188755555933987,-25.732916123402592],[28.188858963290187,-25.732830726406309],[28.188945116550212,-25.732762546977849],[28.189033967159915,-25.732685426899661],[28.18911092017753,-25.732613017109873],[28.189189312938357,-25.732522704969202],[28.189251871311914,-25.732434691144118],[28.189310562659834,-25.732333522016852],[28.189348036979979,-25.732250742650443],[28.18938422935026,-25.732162582952864],[28.18940985068652,-25.732077946854545],[28.1894275143916,-25.732000430424854],[28.189439937121936,-25.731918109168284],[28.189448438222005,-25.731830989523779],[28.189450299068412,-25.731750996883328],[28.189446785368535,-25.731685900663077],[28.18943682271637,-25.73159987243351],[28.189407546696948,-25.731445674269139],[28.189354209420458,-25.731146263448903],[28.189307167419653,-25.73089047065551],[28.189263946931096,-25.730654401999452],[28.189224506432662,-25.730444026159255],[28.189151898445857,-25.730070475704821],[28.189103547025656,-25.729813481395109],[28.189061604081839,-25.729583389577968],[28.189010852324607,-25.729291754451939],[28.188968966424035,-25.729053303920537],[28.188937250357508,-25.728870435342934],[28.188909302947458,-25.728715050299652],[28.188887711169212,-25.728576848261003],[28.188863609357693,-25.728455085774137],[28.18881153919509,-25.728163443212708],[28.18876076829687,-25.72787479276445],[28.188712377953287,-25.727623768776407],[28.188672773153407,-25.727437870388936],[28.188618964154372,-25.727208308949095],[28.188589618159494,-25.727064857461453],[28.188542234713005,-25.726859810337025],[28.188514101798734,-25.726731888536595],[28.188492299965517,-25.72664221184289],[28.188470401898865,-25.726566863417407],[28.188408478301561,-25.726367705975228],[28.18831434547312,-25.726065481474681],[28.188217549134276,-25.725753487650032],[28.188127221497837,-25.725466407319434],[28.188043328439349,-25.725202648115474],[28.187993014073605,-25.725041168412815],[28.187947882658541,-25.72489285224254],[28.187872844069982,-25.724684068331189],[28.187681579400937,-25.724119998685207],[28.1875020985091,-25.723567934104455],[28.187408332868401,-25.72328298413613],[28.18697302855475,-25.721795118166433],[28.186880512223645,-25.721509691917205],[28.186265393216786,-25.719611927852519],[28.186002926793066,-25.718791509113803],[28.185699737866365,-25.71782128484227],[28.185604869059755,-25.717517695064394],[28.185560980943837,-25.717377244924752],[28.185541284701355,-25.717305640597267],[28.185523552247744,-25.717233613991638],[28.185507794213695,-25.717161213005845],[28.185494021272813,-25.717088479219839],[28.185482242069067,-25.71701545961777],[28.185472462281904,-25.716942197556737],[28.185464689564974,-25.716868739112527],[28.185458927611091,-25.716795126728417],[28.185455180057712,-25.716721410970639],[28.185453448617181,-25.716647632465957],[28.185453735961357,-25.716573837262072],[28.185456041772973,-25.716500071389891],[28.185460363748316,-25.716426379966464],[28.185466697603268,-25.716352806292601],[28.185475043002238,-25.716279399106604],[28.185485393662361,-25.716206202600546],[28.185497740317942,-25.716133260047059],[28.185512079675263,-25.716060615654751],[28.185694565599889,-25.715441782614093],[28.185764559384445,-25.71522843542736],[28.18580360458942,-25.71510805222777],[28.185834647370939,-25.715001356518755],[28.18586188700327,-25.71487254924909],[28.1858866355714,-25.714722234368832],[28.185911758875012,-25.714516994559574],[28.185957765396555,-25.714148282658673],[28.185984189315445,-25.71394543836837],[28.186019074424905,-25.713661444026531],[28.186048440029158,-25.713413838885923],[28.186073594217259,-25.713203822597862],[28.186090409987493,-25.713057045775329],[28.186108572272218,-25.712906096509183],[28.18613923427786,-25.712661483466238],[28.186178332835713,-25.71233930263509],[28.186216226757455,-25.712000397930648],[28.186248352564327,-25.711734299299806],[28.186288995959075,-25.711378692768641],[28.186336520943957,-25.710980138116163],[28.186372835930527,-25.710679434402532],[28.186400868620709,-25.710433612390773],[28.186424675896205,-25.710227767472968],[28.186444183727826,-25.710072647448168],[28.186467954304074,-25.709872175506298],[28.186502796200024,-25.709594151333018],[28.186544552061356,-25.709268402627458],[28.186562644055968,-25.709127602595352],[28.186584868821914,-25.708960557134475],[28.186608337553448,-25.708804264106227],[28.1866709425463,-25.708513856668276],[28.186700822866957,-25.708383869672382],[28.186736129603833,-25.708231225985415],[28.186762152954397,-25.708086887710955],[28.186780001014814,-25.707981908811981],[28.186795529386192,-25.707830348915593],[28.186809455602162,-25.70771236687936],[28.186826945811937,-25.707573093332144],[28.186848203449415,-25.707393145078548],[28.186892864543296,-25.707027530781566],[28.186921810584654,-25.706802251464318],[28.186938490810068,-25.706675103463322],[28.186956321089255,-25.70653382528273],[28.186966524404497,-25.706428803698731],[28.186972484575278,-25.706327579174062],[28.186974586773015,-25.706173316862532],[28.186973267012803,-25.7059286784501],[28.186976289053998,-25.705767628259018],[28.186985418760571,-25.705665466443371],[28.187003313699783,-25.705514635429385],[28.187023301427509,-25.705366204370254],[28.187035516276204,-25.705275522824206],[28.187100234705369,-25.704750969521214],[28.187167188062986,-25.704207800647723],[28.187185051056773,-25.704061745979139],[28.187263146123627,-25.703430372491276],[28.187325705646519,-25.702912971763816],[28.187360348781823,-25.702624676105202],[28.187399514569886,-25.702291509160407],[28.18743090998241,-25.702015614295632],[28.187462241374572,-25.701749272225165],[28.187492595435383,-25.70147146070401],[28.18751387890082,-25.701287214105815],[28.187537433382762,-25.701079099028675],[28.187556511437638,-25.700909169881598],[28.187578843187111,-25.700725884053238],[28.187593450295569,-25.700593185006717],[28.18761250224815,-25.700427075517783],[28.187629088588672,-25.700313492028233],[28.187655818556355,-25.700103483773283],[28.187677043115681,-25.699927834997137],[28.187689341071405,-25.699824734828368],[28.187699458723507,-25.699732131543808],[28.187704278520087,-25.699643319473235],[28.187709008555398,-25.699567879900616],[28.187709481761907,-25.699498149060396],[28.187707865460023,-25.699425539905658],[28.187702038718651,-25.699351952339633],[28.187694174327941,-25.699267846193944],[28.187681090914044,-25.699176068614996],[28.187667858424494,-25.699106260519127],[28.187647361794529,-25.699019218226212],[28.187619608537105,-25.69891398501322],[28.187584519883302,-25.698802024427199],[28.187543035131817,-25.69870053542515],[28.187495281967443,-25.698590414169203],[28.187447439099099,-25.698493667203667],[28.187396375038226,-25.69840549868595],[28.187350471662583,-25.698333598585386],[28.187305583407738,-25.698267434769374],[28.187219928614901,-25.698149460734946],[28.187085162602159,-25.697966255088645],[28.186968163712713,-25.697806074555029],[28.186853267574097,-25.697646860611467],[28.186763428258008,-25.697524086394861],[28.186693459156849,-25.697425304979546],[28.186607791583086,-25.697309240436276],[28.186477211813457,-25.697130834179379],[28.186392593115585,-25.697015731223178],[28.186321628094792,-25.696908345858819],[28.18624876955764,-25.696769426402028],[28.186196989799139,-25.696631580398215],[28.186178486637736,-25.69656174365474],[28.18616595283563,-25.696505532556074],[28.186148612049479,-25.696397631301629],[28.186145804730337,-25.696345315066846],[28.186145608947218,-25.696257908373212],[28.186147603270154,-25.696173808410677],[28.186158486709271,-25.696085030206554],[28.186176442957919,-25.696002739683298],[28.186258298284237,-25.695709811756519],[28.18630681071669,-25.695552823285141],[28.186340003241654,-25.695439093340688],[28.186370111760009,-25.695313883991915],[28.186392889225711,-25.695196871816258],[28.186406232871175,-25.695095211775751],[28.186414811294597,-25.694996390018964],[28.186418750636356,-25.694882139415444],[28.186421627706867,-25.694575158524241],[28.186424636181279,-25.694248834610171],[28.186429033220193,-25.693950817825382],[28.186429473918775,-25.693769559898524],[28.186432630014579,-25.69365415859621],[28.186441262820754,-25.693547456468561],[28.186454717170598,-25.693429318140161],[28.186474535990214,-25.693305483762202],[28.18650801682535,-25.693149341889839],[28.186532384499447,-25.693054190606009],[28.186564756897713,-25.692944755092839],[28.186593035379911,-25.692856073822874],[28.186620759000689,-25.692777062678765],[28.186653458761835,-25.692691270019122],[28.186672732185762,-25.692647675125198],[28.186700005463834,-25.692590510832797],[28.186744885051844,-25.692502280432418],[28.186843438659796,-25.692311538842464],[28.18696767678999,-25.69206469987374],[28.187117608296901,-25.691760115339399],[28.187154442303456,-25.691692258706386],[28.187193769654602,-25.691606503738857],[28.18722832802969,-25.691524305529843],[28.187258084406793,-25.691450677876347],[28.187291910114595,-25.691359877339764],[28.187320933825792,-25.691277648263849],[28.187344394298833,-25.69119961418621],[28.187371817621798,-25.691120241954884],[28.187386516106901,-25.691051545252265],[28.187405211977364,-25.690976422598698],[28.187419950312183,-25.690901994562992],[28.187437172232165,-25.690811101478207],[28.187449586353768,-25.69072949650289],[28.187461317484111,-25.690632124604228],[28.187469739535029,-25.690556156727016],[28.187475028545304,-25.690475944489823],[28.187478445308852,-25.690380676277009],[28.187478591303542,-25.690300435387577],[28.187479143040505,-25.690219121753341],[28.187474942939453,-25.690138856651679],[28.187470719531518,-25.690062173863947],[28.187464123367782,-25.689985476954941],[28.187454970320601,-25.689912706580731],[28.187446031569749,-25.689831698408156],[28.187426184346531,-25.689726987495312],[28.187406280260149,-25.689630514350835],[28.187387072318149,-25.689548016525968],[28.18736008947301,-25.689446130721088],[28.187326834800384,-25.689336329310368],[28.187291949735293,-25.689233682794764],[28.187250021399045,-25.689120251495662],[28.187208807741985,-25.689018215060081],[28.187155829193337,-25.688901855480172],[28.187102842011871,-25.688786929172053],[28.187052910596542,-25.688687781189753],[28.187000617244287,-25.68858718758953],[28.186956123107784,-25.688502398757745],[28.186905277578013,-25.688404847756903],[28.186888478363638,-25.688380225781287],[28.186857255618921,-25.688320587112486],[28.186797802607042,-25.688226400846514],[28.186720376861938,-25.688100877848075],[28.1866514886642,-25.687998759162994],[28.186529316105553,-25.687825772109374],[28.186460307559393,-25.687741563085893],[28.186370911869428,-25.687632165004903],[28.186250083359454,-25.687494292100183],[28.186147270994383,-25.687381236593275],[28.186042077372292,-25.687269600164857],[28.185870832824822,-25.687104220303326],[28.185560391447638,-25.686806320502065],[28.185293415276178,-25.686554922302932],[28.185166167851765,-25.686430983216848],[28.185046837422629,-25.686305654913546],[28.184931450973878,-25.68618178189115],[28.184841227933315,-25.686078108923102],[28.184785857629073,-25.686011743147571],[28.18469568459583,-25.685900907286339],[28.184616648412803,-25.685803386592291],[28.184549281683651,-25.685710588538814],[28.184460743545056,-25.685591880115421],[28.184398136041228,-25.685496959494721],[28.184311226341322,-25.685371453531985],[28.184228354665731,-25.685233432895838],[28.184179066667248,-25.685156497990477],[28.18412119563197,-25.685062677843884],[28.18407202002258,-25.68496926464486],[28.184027091981584,-25.68488359427905],[28.184005667128538,-25.684843874383134],[28.183950282741826,-25.684733231760163],[28.183884016522697,-25.684595303821638],[28.183822417106889,-25.684468506731335],[28.183767839579478,-25.684355719447939],[28.183710098619105,-25.684242914443292],[28.183661004215892,-25.684137680124181],[28.183618968687576,-25.684040725186442],[28.183577045540389,-25.683927291977604],[28.183546897229515,-25.683826462763683],[28.183514531155712,-25.683703052355977],[28.183492403512123,-25.683585431698823],[28.183469668167838,-25.683440940647856],[28.183460952238441,-25.683327693261532],[28.183457105113575,-25.683196204366428],[28.183458857063592,-25.68305507447479],[28.183473343028389,-25.682901836078244],[28.183493843850144,-25.682794126327863],[28.183514381261361,-25.682681042656824],[28.183539616459299,-25.682574648314223],[28.183573536022067,-25.682470236850783],[28.183595154088245,-25.682391787716469],[28.183626740296965,-25.682320320059407],[28.183646636469803,-25.682272357654302],[28.183721413914874,-25.682118358095323],[28.183807760564996,-25.681965122736045],[28.183863008594884,-25.681876275015405],[28.183967285966379,-25.681724876470781],[28.183976005570006,-25.681702238218595],[28.183973500152884,-25.681683118725047],[28.183966943094322,-25.681672705680327],[28.183885559676707,-25.681631878649135],[28.18387435498985,-25.681632413496235],[28.183862487853453,-25.681633540357229],[28.183851761387523,-25.681635522951417],[28.18384264257385,-25.681639411818029],[28.183832741718458,-25.681647702835829],[28.18381944290207,-25.681665539768449],[28.183774031245502,-25.681754841460542],[28.183700968160647,-25.681896595056362],[28.183628588932692,-25.682049060060752],[28.18356006188943,-25.682215047772448],[28.183541308715402,-25.682270828623764],[28.183489480965811,-25.682428928899228],[28.183458138317349,-25.68254195209445],[28.183435468795373,-25.682658606271314],[28.183418961853953,-25.682760391997146],[28.183400595722812,-25.682902862236347],[28.183389374735896,-25.68304107334977],[28.183389210789461,-25.683181137123778],[28.183394218125454,-25.683293657015184],[28.183402664704605,-25.683411191181023],[28.183416879107234,-25.683529842563093],[28.183437424902884,-25.68364745527952],[28.183460339943277,-25.683765438685246],[28.183491131097401,-25.683888122716219],[28.183539949346656,-25.684033834741385],[28.183583419081963,-25.68415229149652],[28.183630136889569,-25.684258228307737],[28.183679199577405,-25.684368119005487],[28.183725261922646,-25.684454350023497],[28.18376587212239,-25.684528371651801],[28.183851784746285,-25.684683962546444],[28.183928315866837,-25.684824097930452],[28.183987674690627,-25.68493153777985],[28.184064240283142,-25.68506665840497],[28.184114284901533,-25.685148612461344],[28.184172936108279,-25.685243869409899],[28.184226100511793,-25.685332289999483],[28.184296535653623,-25.685438717564264],[28.184359140606439,-25.685533996547761],[28.18443589236735,-25.685641892703842],[28.184499325011316,-25.685731803039754],[28.184565954470198,-25.685816716337204],[28.184641027398047,-25.685915646439579],[28.184717091168647,-25.686008493058822],[28.184784536211829,-25.686089828372168],[28.184873194488677,-25.686190984287315],[28.185018857865202,-25.686350634336826],[28.185109158262311,-25.686442843625265],[28.18520966925611,-25.686545140557758],[28.185320449382871,-25.686648927211397],[28.185577354971105,-25.686891231338937],[28.185827956830494,-25.687130489648894],[28.185922229000045,-25.687220213174321],[28.186029017890053,-25.687329708580165],[28.186179734178292,-25.687491033855718],[28.186261351515515,-25.687581403233949],[28.186372754066987,-25.687710267891944],[28.1864590032176,-25.687817140981959],[28.186524030056088,-25.687905626915533],[28.18661175376252,-25.688028341663912],[28.186673573403656,-25.688123256966527],[28.186729102902923,-25.688213122291671],[28.186860084922532,-25.68843953302239],[28.18692725552614,-25.688561702465613],[28.186972525985968,-25.688648644738649],[28.187015467536462,-25.688729126699577],[28.187061484273951,-25.688822520422779],[28.187103558222628,-25.688914459722092],[28.187144826725678,-25.689008544529369],[28.187165838941944,-25.68905809647557],[28.187200859517962,-25.689140754653806],[28.187235802833694,-25.689234803286251],[28.187276129903246,-25.689351092344143],[28.187314009929807,-25.689478472523177],[28.187351704294848,-25.689633076071519],[28.187375435543935,-25.689748197632809],[28.187391436066918,-25.689837125808378],[28.187402660035833,-25.689931043154576],[28.187414092456613,-25.690017438436339],[28.187420673010564,-25.690096284365463],[28.187424873074551,-25.690176549468244],[28.187425890001922,-25.690259662612032],[28.187426403823451,-25.690300502995331],[28.187425085432857,-25.690378229912284],[28.187420564007653,-25.690462028868868],[28.187416129088941,-25.69053293186743],[28.187408497419973,-25.69060883283861],[28.187395932084552,-25.690712718707506],[28.187383503338644,-25.690796473604429],[28.187369512165496,-25.690877354019175],[28.187353954695727,-25.690956076599125],[28.187337640314539,-25.691029779176088],[28.187314165778439,-25.691109890073523],[28.187300368520351,-25.691162186018673],[28.187272896511484,-25.691248722851704],[28.187241476663608,-25.691334521009537],[28.187209222069484,-25.69142676272542],[28.18717224327667,-25.691516112330035],[28.18714332539707,-25.691582580652284],[28.187083969032031,-25.691706910575011],[28.186942065487784,-25.691993629417443],[28.186796172532564,-25.692285483345344],[28.186704773258533,-25.69247053324991],[28.186670318859832,-25.692537328921912],[28.186639824427242,-25.692603071664546],[28.186606793658399,-25.692693159783193],[28.186576177471505,-25.692776813142405],[28.186556762841061,-25.692841184319374],[28.186535656788195,-25.692921666600029],[28.186509785143077,-25.693005346403417],[28.186486325228191,-25.693083308105763],[28.18646842809569,-25.693157002623266],[28.186450582568284,-25.693223245511504],[28.186435857907892,-25.693295524381266],[28.186421163436293,-25.693363504305417],[28.186408868994228,-25.693427199406816],[28.186401267606438,-25.693498515211907],[28.186392840238149,-25.693575127411737],[28.186386765219773,-25.693654619408974],[28.186381728435823,-25.693697577910317],[28.186376936842983,-25.693820850736756],[28.186373822362008,-25.694046513679968],[28.186372356924007,-25.694262155158675],[28.186367796606621,-25.694584172202674],[28.186366314082782,-25.694802321008542],[28.186363013717042,-25.69493878559226],[28.18635851075835,-25.69501971877774],[28.186350921872187,-25.695089171654324],[28.186340858860657,-25.695173655355966],[28.186323589134293,-25.69527135361005],[28.186301741316743,-25.695367952216316],[28.18627420423261,-25.695463802404316],[28.186236728175444,-25.69559391328551],[28.186178445453127,-25.695792281313842],[28.186138547725836,-25.695922929235568],[28.186115686954139,-25.69602883613312],[28.186098071924633,-25.696138592127646],[28.186093230676725,-25.696230269819843],[28.186092743601129,-25.696301912308996],[28.186105313600162,-25.696443201396427],[28.186110377757032,-25.696499557651663],[28.186126737530657,-25.696572688685009],[28.186138005791793,-25.696622940943723],[28.186161770972522,-25.696694240394464],[28.186183527925639,-25.696750721393148],[28.186213628636583,-25.696820623755951],[28.186249019658543,-25.696887688958451],[28.186292806421068,-25.696960533445928],[28.186348112880502,-25.697044904379844],[28.18644003761694,-25.69717103373009],[28.186521513050071,-25.697283254255865],[28.186610303474897,-25.697405066908065],[28.186730461142307,-25.697565743718332],[28.18693311361109,-25.697843898678308],[28.187132652750286,-25.698114872030793],[28.187237130227555,-25.698255877200431],[28.187299772330693,-25.698346976070436],[28.18734774471654,-25.698424619260376],[28.187388382746793,-25.698495535063923],[28.187433147937725,-25.698579846854415],[28.187470558311077,-25.69866029692226],[28.187504792840919,-25.69874264010102],[28.187531744842282,-25.698810613837299],[28.187552408923864,-25.698872820992097],[28.187582335900675,-25.698968513153098],[28.187605891674878,-25.699070857215602],[28.187628418440589,-25.699169374812893],[28.187642540581876,-25.699263546476075],[28.187652389722423,-25.699365814169877],[28.187657130042425,-25.699444171369318],[28.187658771252138,-25.69951295903201],[28.187658304490334,-25.699581735853553],[28.187653497631139,-25.699668637179553],[28.187644398271964,-25.699766501101575],[28.187599694202749,-25.700139280719075],[28.187579620726623,-25.700300607032908],[28.187541832194693,-25.70058649703746],[28.187522922767702,-25.700731591048903],[28.187501483821418,-25.700938762063544],[28.187495871418832,-25.700988882234451],[28.187445440383105,-25.701428498401903],[28.187366950622614,-25.702118235139736],[28.18729966880672,-25.702710120559878],[28.187243957591249,-25.70315066205378],[28.187193686681617,-25.703566396847464],[28.18713669348163,-25.704040364466113],[28.187064237617122,-25.704617414412059],[28.187000595864486,-25.705138630463733],[28.186982746418423,-25.705282775245927],[28.186952707967823,-25.70551378007638],[28.186915911553211,-25.705808272499215],[28.186888376830598,-25.705981020024332],[28.186849978303478,-25.706200993485115],[28.186817934098759,-25.70641670236223],[28.186782317648678,-25.7066925733393],[28.186752135548119,-25.706944593506108],[28.186732043288984,-25.707108307699077],[28.186695229494084,-25.707405188177475],[28.186678387867634,-25.707556024979045],[28.186661728196327,-25.707698114750897],[28.186646879387759,-25.707830587445095],[28.186620247206829,-25.708064476875691],[28.186583779601502,-25.70838786688342],[28.186550053459239,-25.708695749178187],[28.186537460152095,-25.708803145644676],[28.186502537438233,-25.709093109957855],[28.186468843306358,-25.709396216698565],[28.186433749701472,-25.709711256151902],[28.186416882165627,-25.709865794297947],[28.186391713218647,-25.710078198068427],[28.186366510686128,-25.710295379121039],[28.186314743556931,-25.710736299125578],[28.186257460921436,-25.7112130117251],[28.186195840702439,-25.711745820326211],[28.186127240356114,-25.712335906104155],[28.186089463848081,-25.71265749677757],[28.186058761118701,-25.712908080302338],[28.186025206686612,-25.713190291353939],[28.185991761769007,-25.713456382500517],[28.185956872609108,-25.713740973441727],[28.185915144741791,-25.714061945304227],[28.185894033854964,-25.714258849433119],[28.185852321846479,-25.714577433952005],[28.185832731072544,-25.714744493849306],[28.185810755887161,-25.71487452556892],[28.185787666698129,-25.714974698364159],[28.18576331521772,-25.715066505997619],[28.185740396643936,-25.715141603615777],[28.185693316470221,-25.715280450685601],[28.185643548043579,-25.715427043296877],[28.185544200600084,-25.715681673922333],[28.185377442640199,-25.716153145430255],[28.185367028132447,-25.716229124295882],[28.185358563168929,-25.716305301797593],[28.185352051018945,-25.716381637336898],[28.18534749696915,-25.716458086716134],[28.185344901275325,-25.716534612930282],[28.185344268209363,-25.716611174483656],[28.18534559409089,-25.716687727128228],[28.185348883185707,-25.716764230270723],[28.185354129777675,-25.716840645969853],[28.185361332185238,-25.716916929085897],[28.185370487687429,-25.716993040791529],[28.185381590592641,-25.717068939534915],[28.185394634206745,-25.717144584661142],[28.185409611847835,-25.717219933710087],[28.185426515806864,-25.717294948728824],[28.185494249287039,-25.717503877248706],[28.185589181122243,-25.717796704810937],[28.18618160458395,-25.719624040469586],[28.186378920925748,-25.720245051426485],[28.186782540383486,-25.721515332583113],[28.186867954326413,-25.721784146577814],[28.187352961119004,-25.723284108692791],[28.187516717171349,-25.723785566231694],[28.187621347193673,-25.72410138431141],[28.187692357248665,-25.724320892279227],[28.187762119246234,-25.724530243492161],[28.187815134501776,-25.724682185187941],[28.187894087207646,-25.72489696075208],[28.187965061704549,-25.725121841574154],[28.188043739248297,-25.725377213664064],[28.188132707814095,-25.725670257185826],[28.18820884274874,-25.725911882825905],[28.188277239590946,-25.726128391031338],[28.188349509435227,-25.726356860396915],[28.188388147752779,-25.726490811458795],[28.188413992472032,-25.726567376020963],[28.188437177351002,-25.726647508191487],[28.188457724716717,-25.726727624765704],[28.188484524070997,-25.72685792833645],[28.188520099634054,-25.727054550720815],[28.188546761346128,-25.727205152127013],[28.188584807528208,-25.727426266815066],[28.188602577717411,-25.727527264037565],[28.188653409883894,-25.727806959269259],[28.18877024923739,-25.728461363500035],[28.188809594209808,-25.728685470242731],[28.188828751909334,-25.728776326297176],[28.188902148124164,-25.729033460138236],[28.188930347730871,-25.72915182997804],[28.18895459553417,-25.729269580291309],[28.189006617842104,-25.729568387360221],[28.189080357115696,-25.729969408560688],[28.189173352240342,-25.730446956551418],[28.189250958416952,-25.730861132915653],[28.189299229529961,-25.731130067224143],[28.189345054494119,-25.731370926918629],[28.189370480701292,-25.731509580732567],[28.189385716621011,-25.731595638306892],[28.189397046150077,-25.731674510195681],[28.189399180757654,-25.731748554356475],[28.189400005131937,-25.731821397084701],[28.189392943799387,-25.731890613511339],[28.189384565113549,-25.731959823509705],[28.189370899941565,-25.732030793951132],[28.189345213798305,-25.732124982816714],[28.189315669785035,-25.73220482140978],[28.189276881173051,-25.732286995932277],[28.189235496322855,-25.73236318618812],[28.189184840485211,-25.732445892161817],[28.189107716509042,-25.732543376214139],[28.189029388479007,-25.732624137341382],[28.188957756396007,-25.732689411858999],[28.188854373539378,-25.732771227544784],[28.188487167388022,-25.733070684796953],[28.188251185738544,-25.733265196670178],[28.188126474092773,-25.733381521264381],[28.188018927174689,-25.733493760567384],[28.187941891795735,-25.73357811070295],[28.187812989160111,-25.733729038137387],[28.18768787894064,-25.733903869419414],[28.18764125965912,-25.733974059283472],[28.187593253970118,-25.734054391148188],[28.18752783863366,-25.734174627373068],[28.187470357674407,-25.734291325395045],[28.187424796678833,-25.734399731793392],[28.187376563343168,-25.734513495548519],[28.187330832664202,-25.734646976121144],[28.187286436484538,-25.734778075838058],[28.187235131675013,-25.734955705782856],[28.187199914118391,-25.735094021518957],[28.18718498671398,-25.73515662656817],[28.187163952519942,-25.735244870216512],[28.187140146544504,-25.735352801267197],[28.187127087487983,-25.735431536280277],[28.187121396845495,-25.735497669678168],[28.187116194483462,-25.735602629367559],[28.1871056864839,-25.735670529349179],[28.187103272860512,-25.735734697113788],[28.187103395498053,-25.735813505676084],[28.187104250911979,-25.735881572864688],[28.187109012729113,-25.735956825793497],[28.18711509193281,-25.736032086072793],[28.187136925297995,-25.736311022171179],[28.187165596182979,-25.736650596117272],[28.187178537227691,-25.736783209818576],[28.187185083307078,-25.736886831502879],[28.187190923998241,-25.736997315332697],[28.18719341136806,-25.737116139434193],[28.187191471670982,-25.737207474500348],[28.187187998345518,-25.737330444379271],[28.187180059148179,-25.737528614775563],[28.187179165727233,-25.737659958028122],[28.187178601247172,-25.737742942679837],[28.18718073348052,-25.737816986775986],[28.187197638780361,-25.738045147497665],[28.187237052079968,-25.738453141554945],[28.187276161971944,-25.738916618543719],[28.187301110219146,-25.739074252485501],[28.187310885920915,-25.73913588693927],[28.187338302058201,-25.739291865732913],[28.187348952626387,-25.739354256027564],[28.18740886440888,-25.739617165739755],[28.187434969667891,-25.739733374041567],[28.187457185480472,-25.739839889278375],[28.187475487470468,-25.739940293736726],[28.187495923537472,-25.740075814929789],[28.187526705898669,-25.740318501795308],[28.187547575274092,-25.740506683092413],[28.187575350169222,-25.740874380441731],[28.187653339478761,-25.74176853040121],[28.187663749117895,-25.74192459386181],[28.187663283083708,-25.74197378657804],[28.187663441134514,-25.742105612201549],[28.187663087151783,-25.742157672199355],[28.187714761292465,-25.742779352684959],[28.187753691793873,-25.743258629250544],[28.187763254537774,-25.743403403650152],[28.18777031338508,-25.743451205896857],[28.187803858658171,-25.743636712077723],[28.187814015708003,-25.743694083813743],[28.187823998420271,-25.743777246368595],[28.18783851692551,-25.743968855415847],[28.18790106958938,-25.744697107668955],[28.187974069293467,-25.745595452528619],[28.187978797777262,-25.745675720005949],[28.187981656746363,-25.745720633060269],[28.187983558729215,-25.74575121200855],[28.187970707253172,-25.745779797891032],[28.18794096005935,-25.745811155315742],[28.187897381665405,-25.745842659451672],[28.18782917293084,-25.745859898727407],[28.187735086859146,-25.745868183368007],[28.18765400932346,-25.74587066819705],[28.187569668922059,-25.745876070032558],[28.187491794332225,-25.745884445854557],[28.187446341771786,-25.745893001633039],[28.18741540036228,-25.745913384796278],[28.187390842878063,-25.745948485258751],[28.187369518286175,-25.745985073188294],[28.187367756995329,-25.74600561916268],[28.187369008874992,-25.746059951810256],[28.187398964879382,-25.746422778942208],[28.187412945739997,-25.746512420096948],[28.187436894086783,-25.746566879380484],[28.187464084378906,-25.746621356748378],[28.187500981490846,-25.746678825326658],[28.187547615410793,-25.746734878784761],[28.187599123743944,-25.746789491793745],[28.187668040265237,-25.746841039181675],[28.187729778344039,-25.746887125486335],[28.187805723614652,-25.746924255980677],[28.187883901049059,-25.746955574409334],[28.187931213042564,-25.746978047606305],[28.187965131525019,-25.74699256550926],[28.187991142892056,-25.747006322651426],[28.188009254995755,-25.747018603319372],[28.18802884156575,-25.747046653399128],[28.188042020816908,-25.74708613166867],[28.18804642671962,-25.747136306468473],[28.188057257361358,-25.747288610119],[28.188087961882786,-25.747659539389371],[28.188096441603552,-25.747808605835722],[28.188146803750506,-25.747964353948394],[28.188168582227195,-25.748054265952131],[28.188191790536504,-25.748212565049148],[28.188222621238001,-25.748564867114833],[28.188302407948555,-25.749512802868459],[28.188369860188232,-25.750348519077214],[28.188382804448018,-25.750487608646218],[28.188387536077371,-25.75065795367286],[28.188417672384524,-25.751147338483044],[28.188518413617565,-25.752454515814133],[28.188642887853483,-25.75391234251294],[28.188745820928514,-25.755157884016494],[28.188738509238018,-25.755193070798061],[28.188711780218352,-25.755223345753048],[28.18866573278105,-25.755234297629659],[28.187816498079073,-25.755308023854813],[28.187073503442559,-25.755359921400114],[28.186394182316715,-25.755408967650553],[28.186360587501497,-25.755445216903372],[28.186483818026929,-25.756917140576281],[28.186986204018801,-25.756882037804022],[28.187082531309024,-25.756875535428161],[28.187694300759802,-25.756834000656038],[28.188928024979983,-25.756748001540771],[28.188850526657724,-25.755361825577079]]},"properties":{"OBJECTID":5,"Route_Type":"Trunk Route","Route_Code":"Line 1A","Route_Description":"CBD - Wonderboom","Shape.STLength()":17962.967717898886}},{"type":"Feature","id":6,"geometry":{"type":"MultiLineString","coordinates":[[[28.171170330487026,-25.713137863963741],[28.171100690630261,-25.713266539946847],[28.171036528288315,-25.713381166463684],[28.170970976609659,-25.713494972705281],[28.170903835703047,-25.713608047792889],[28.170835105565327,-25.713720391724241],[28.170765084463042,-25.713832096454031],[28.170693475375444,-25.713942889510147],[28.170620377306044,-25.714052861713661],[28.170041516837237,-25.714911009182849],[28.169993454081677,-25.71498826891543],[28.169946979750431,-25.715066350016645],[28.169902292484881,-25.715145343879414],[28.169859294533723,-25.71522497916839],[28.169817885640175,-25.715305345574183],[28.169778165439613,-25.715386443665672],[28.169740234194265,-25.715468183755302],[28.169703992273924,-25.715550565276978],[28.169669538688112,-25.715633679056083],[28.16963687531959,-25.715717254324453],[28.169605802278301,-25.715801380204574],[28.169576718100885,-25.715886058968142],[28.169549324517209,-25.715971198656909],[28.169523720537409,-25.71605689009608],[28.169500007678664,-25.71614286308488],[28.169477985423949,-25.716229297001874],[28.169457953304768,-25.716316103294616],[28.169439613050329,-25.716403190004257],[28.16942326669982,-25.716490107552374],[28.169422748473654,-25.71649299292114],[28.169407875923394,-25.71658289744655],[28.169394994777196,-25.716672993837683],[28.169383905144315,-25.716763371216068],[28.169374906558257,-25.71685394102915],[28.169367799128249,-25.716944792398237],[28.169363964041189,-25.716994864871328],[28.169359032971794,-25.717044931097782],[28.169351969360218,-25.717143815857579],[28.16934659889538,-25.717242800525192],[28.169342821946834,-25.717341884533077],[28.169340838414847,-25.717440978760642],[28.169340349399402,-25.717540081504538],[28.169341554174022,-25.717639193900592],[28.169344453369785,-25.717738225692347],[28.169348946728967,-25.71783726656848],[28.169355234152697,-25.717936227408135],[28.16936366779937,-25.718041789461193],[28.169373996409888,-25.718147091532195],[28.169386119100132,-25.718252313565969],[28.169400235145858,-25.718357456697809],[28.169416147161581,-25.718462249022309],[28.169433954160805,-25.718566781363247],[28.169453556512671,-25.718671053152246],[28.169475153493472,-25.71877506552428],[28.169498546463224,-25.718878727086619],[28.169523635790416,-25.718982037270745],[28.169550721014367,-25.719084907522674],[28.169579602240866,-25.719187426962435],[28.169610279474345,-25.719289595589085],[28.169642854235594,-25.719391143199932],[28.169822013535462,-25.719935709739016],[28.169921254230818,-25.720237382456915],[28.169971687158725,-25.720364485032114],[28.170023917420167,-25.720491056265608],[28.170077845382885,-25.720617095588192],[28.1701334723043,-25.720742422485234],[28.17019079756259,-25.720867127211356],[28.170249821162319,-25.720991209764744],[28.170310442843896,-25.721114759832606],[28.17037276412805,-25.721237507210972],[28.170436784392773,-25.721359542154254],[28.170502504268327,-25.721480774403901],[28.170569722604132,-25.721601473592891],[28.170623182010761,-25.721694655403475],[28.170710896678425,-25.721819713396233],[28.170799812822445,-25.721943965833848],[28.17089032899943,-25.722067414981733],[28.170982046657748,-25.722190058569744],[28.171075165702742,-25.722311807472774],[28.17116968613675,-25.722432661688206],[28.17126550707194,-25.722552801159711],[28.171362730651712,-25.722671865425554],[28.171461255362342,-25.722790124685865],[28.171511021199141,-25.722841314273033],[28.171559284359077,-25.722893668681213],[28.171605844937446,-25.722947277035455],[28.171650903462709,-25.723001959957259],[28.171694260654967,-25.723057716315193],[28.171735917138133,-25.723114455854322],[28.171775971925129,-25.723172269398766],[28.171814226985664,-25.723230975304336],[28.171850582053072,-25.723290663262592],[28.171885237654951,-25.723351153894424],[28.171918092899425,-25.723412627147688],[28.171949150284661,-25.723474721997686],[28.17197830891832,-25.723537618392243],[28.172005569422947,-25.723601226075974],[28.172030540110903,-25.723664549964255],[28.172053712928783,-25.723728495453372],[28.172074988858867,-25.723792971721561],[28.17209436727337,-25.723858069026001],[28.172111750404056,-25.72392351603192],[28.172127237888024,-25.723989313306017],[28.172140829722242,-25.724055460848813],[28.172152426263278,-25.72412195809471],[28.172162028132799,-25.724188714787598],[28.172169635952386,-25.72425564067137],[28.172175348734349,-25.724322826568731],[28.17217906808472,-25.724390091400874],[28.172180794625039,-25.724457344911443],[28.17218052772704,-25.724524677356825],[28.17217826863715,-25.72459190822406],[28.172174016727134,-25.724659127769399],[28.172167773243462,-25.724726155479701],[28.17215963657392,-25.724793172433596],[28.172149409933088,-25.724859816472758],[28.172137390990869,-25.724926269807806],[28.172123282070949,-25.724992350227076],[28.172107282452345,-25.725058058862075],[28.172089392757133,-25.7251233054557],[28.172069512716181,-25.725188179697493],[28.172047742592842,-25.725252591896286],[28.172024083009379,-25.725316451794743],[28.171998534588241,-25.725379669135435],[28.171971196968347,-25.725442244483563],[28.171941971131002,-25.725504087015395],[28.171910956090301,-25.725565287552435],[28.17187805345278,-25.725625665014388],[28.171843561516138,-25.725685311355253],[28.171807183229216,-25.725743954105639],[28.171769216265027,-25.725801775475986],[28.171729362321969,-25.725858683509486],[28.171688020591109,-25.725914590213804],[28.171644992413011,-25.725969404198363],[28.17160037680317,-25.726023216284538],[28.171554174386102,-25.726075936214485],[28.171506385786497,-25.726127473730241],[28.171437022100235,-25.726200821721402],[28.17136627147082,-25.726272988410368],[28.171294133897952,-25.726343973795117],[28.171220807414592,-25.726413959519917],[28.171146193629756,-25.726482764503409],[28.171070192275391,-25.726550478433172],[28.170993102904468,-25.726617012751412],[28.170914626590129,-25.726682365755526],[28.170834963243596,-25.726746448320956],[28.170754211882159,-25.726809351269299],[28.170672273490066,-25.726870983775243],[28.170589247710907,-25.726931346404012],[28.170505034276818,-25.726990528842965],[28.170419733457727,-25.72704844140101],[28.170352499224343,-25.727101943780081],[28.170286550265558,-25.727156897604466],[28.170266198107026,-25.727174743439317],[28.170222087119367,-25.727213123498025],[28.170159009516226,-25.727270711151579],[28.170097318708969,-25.727329480054159],[28.170078956220184,-25.727347788493539],[28.170037014071131,-25.727389520463881],[28.169978395158701,-25.727450743828896],[28.169921162416259,-25.727513238704642],[28.169914533952568,-25.727520692517167],[28.169865517010656,-25.727576735459039],[28.169811358046132,-25.727641414038885],[28.169758985706924,-25.727707095636436],[28.169708100437607,-25.727773868806555],[28.16965900179633,-25.72784164499798],[28.169611388973564,-25.727910693277945],[28.169565364121684,-25.727980653190436],[28.169521226173085,-25.728051526440776],[28.169478775842723,-25.728123311894777],[28.169438113403348,-25.728195919865588],[28.169399239484413,-25.728269260098426],[28.169362253105088,-25.728343423419123],[28.16932705462413,-25.728418409261124],[28.169293744942465,-25.728494037681145],[28.169262324690266,-25.728570218424235],[28.169232792616153,-25.728647132004337],[28.169205249621822,-25.728724598478177],[28.169179497049587,-25.72880252645421],[28.169148018726624,-25.728915713396631],[28.169118431075027,-25.729029272150854],[28.169090634455344,-25.729143202149931],[28.169064928433492,-25.729257414843456],[28.169041012198992,-25.72937217929676],[28.169018888893742,-25.729487044229238],[28.168998855575062,-25.729602282115756],[28.16898061394134,-25.729717800995946],[28.168964363287699,-25.729833602007307],[28.168950005229625,-25.729949504069658],[28.168937539145041,-25.730065597440007],[28.168927178135508,-25.730179897616964],[28.168918709111129,-25.730294389103161],[28.168912033686844,-25.730408890818023],[28.168907250885859,-25.730523493586659],[28.168904460986884,-25.730638107721465],[28.168903363803064,-25.730752912030077],[28.168904260787237,-25.730867547192705],[28.168906951398011,-25.730982192585216],[28.168911535914216,-25.731096758519737],[28.168918013086195,-25.731211425508821],[28.168926285783321,-25.731325831958792],[28.168936552048407,-25.731440159518854],[28.168948513575266,-25.731554316227243],[28.168962369661887,-25.731668303220456],[28.168978310194142,-25.731783475479197],[28.168996244944399,-25.731898478590203],[28.169015975879631,-25.732013130903582],[28.169037601396891,-25.732127613499646],[28.169061122756528,-25.732241745865139],[28.169086540591266,-25.732355437743003],[28.169116064598299,-25.732480525776609],[28.169147483845688,-25.732605353832341],[28.169180900496276,-25.732729561452278],[28.169216213026186,-25.732853418835813],[28.169253422695764,-25.732976745469127],[28.169292627903634,-25.733099722431735],[28.169333631241777,-25.733222077816936],[28.169376631383933,-25.733343903016003],[28.169420646908531,-25.733463026195423],[28.169466559596611,-25.73358161861788],[28.169482039333875,-25.733619796524888],[28.169514271059363,-25.733699499201144],[28.169563780047117,-25.73381684845614],[28.170866514817849,-25.736218501618922],[28.171019422495515,-25.736500350744659],[28.171276767313024,-25.736969270727563],[28.171312819122395,-25.737044481750637],[28.171347072247503,-25.737120404611538],[28.171379626336687,-25.737197039878289],[28.171410383613431,-25.737274116216287],[28.17143934282285,-25.737351814139124],[28.1714666042391,-25.737430043958312],[28.171491969181893,-25.737508714284846],[28.171515636325111,-25.737587916509426],[28.171537307336447,-25.737667558676282],[28.171557564478761,-25.737749900593492],[28.171575926386172,-25.737832502508471],[28.171583720357727,-25.737872622199173],[28.171592292151541,-25.737915544367638],[28.171606762674177,-25.737998846225764],[28.171617583633893,-25.738076711737353],[28.171627906971629,-25.738154484157867],[28.17164374689392,-25.738284638648704],[28.1716580901853,-25.738415055404793],[28.171670738161836,-25.738545643036762],[28.171681791721834,-25.738676221599121],[28.171691150581783,-25.738806880781642],[28.171698814110449,-25.738937710840776],[28.171769877852253,-25.740316653047113],[28.171843148291206,-25.741190513747014],[28.171882547958244,-25.741659998424232],[28.17292039550377,-25.74158809163929],[28.173437480894052,-25.741551312692621],[28.173908886622844,-25.741519688416794],[28.174390469422342,-25.741486315101792],[28.174856497733295,-25.741454025447872],[28.175357322832348,-25.741419404037817],[28.175662923219882,-25.741398207957605],[28.175714555649765,-25.741396875494008],[28.175766276525898,-25.741397168189863],[28.175817886540639,-25.741399084917312],[28.175869385696082,-25.741402625676528],[28.175920673716881,-25.741407880160139],[28.175971851505114,-25.741414668419605],[28.176022618853086,-25.741423169276427],[28.176073175695112,-25.741433293602171],[28.176123124035925,-25.741444948886031],[28.176172662564717,-25.7414582265123],[28.176221691628417,-25.741473125917825],[28.176270012541149,-25.741489555719582],[28.176317725581676,-25.741507426225571],[28.176846922642586,-25.741723160469547],[28.176900189819278,-25.741744943351105],[28.176954165794356,-25.741765105541305],[28.177008949599518,-25.741783737858828],[28.177064343787681,-25.741800568407488],[28.177120347113359,-25.741815777699269],[28.177176761507223,-25.741829184094765],[28.177233785034314,-25.741840969232051],[28.177291119348183,-25.741851041165255],[28.177348864101763,-25.741859400456875],[28.177406920258832,-25.741865956287139],[28.177465087884812,-25.741870797786422],[28.177523367598585,-25.741873834698172],[28.17758185843153,-25.74187515784125],[28.177640261415171,-25.741874765527349],[28.177698577168268,-25.74187256750011],[28.177756905343443,-25.741868564322196],[28.17781494635101,-25.741862844562235],[28.177869906734532,-25.741855843751988],[28.177924479669933,-25.741847216056293],[28.177978764189309,-25.741837052294354],[28.178032660635346,-25.741825351904037],[28.178086069350773,-25.741812114323356],[28.178138990333657,-25.741797339552772],[28.178191523237356,-25.741781028155085],[28.178243368473478,-25.74176326870024],[28.178294526040361,-25.741744061188925],[28.178344995936467,-25.74172340562183],[28.178394678505072,-25.741701301437473],[28.178443673399936,-25.741677749198708],[28.178823822557259,-25.741482043304078],[28.178913281763769,-25.741443555372836],[28.179003426714353,-25.741406786188705],[28.179094557617461,-25.741371556922704],[28.179186373650872,-25.741338136657468],[28.1792788766783,-25.741306254622621],[28.179372064843026,-25.741276181586159],[28.179417903128304,-25.741262359295781],[28.179465938768718,-25.741247827290454],[28.179560497839205,-25.741221281990715],[28.179655543368533,-25.741196454306749],[28.179751175015358,-25.741173344798927],[28.179847392783515,-25.74115195346619],[28.179943896473635,-25.741132459137113],[28.180040886638558,-25.741114682420402],[28.18013826362758,-25.741098622754251],[28.180236026206227,-25.741084460650885],[28.182684099719612,-25.740915441985194],[28.182570702789096,-25.739558649749668],[28.180127792568147,-25.739734465614045],[28.178604291347408,-25.739870478599784],[28.178112583445845,-25.739899115356216],[28.177643240286599,-25.739936180627552],[28.177181147982804,-25.739976715216599],[28.176674565539695,-25.74000896372975],[28.176216006647511,-25.74004283598639],[28.175766911532762,-25.740077211646792],[28.175239580504254,-25.740112226054862],[28.174722187172691,-25.740151266287363],[28.17427977751943,-25.740184321326712],[28.173797627001253,-25.740214080766172],[28.173317900455885,-25.740239158851029],[28.172741479527463,-25.740268018673618],[28.172740909725853,-25.740263953745544],[28.172715202686877,-25.740133743339037],[28.1726876994347,-25.740003883763759],[28.17265840122495,-25.739874194506335],[28.172627405216819,-25.739745037156982],[28.172594613637244,-25.739616140379852],[28.172559926213641,-25.739487593864048],[28.172523641286094,-25.739359489563061],[28.172485560178544,-25.739231736087223],[28.172445681646284,-25.739104513947883],[28.172404206250413,-25.738977643763501],[28.1723609328149,-25.738851395169267],[28.172315862595287,-25.738725587651174],[28.17226909524928,-25.738600221773968],[28.172220630156534,-25.738475387792466],[28.17217056634875,-25.738351176527715],[28.172118604873855,-25.738227586279077],[28.172077211434345,-25.738132126887439],[28.172034819663139,-25.738036932589001],[28.171982886810021,-25.737923632076011],[28.171947330082446,-25.737848785068394],[28.171929256219663,-25.737810863452442],[28.171874326503012,-25.737698628982681],[28.171837366652365,-25.737624947349516],[28.171779056458217,-25.737511610507031],[28.171719345621593,-25.737399078015901],[28.171658036719684,-25.73728707797229],[28.171595327807346,-25.737175792020331],[28.171531220138974,-25.737065039645707],[28.171526886174142,-25.737057703949745],[28.171465612189255,-25.736955091048756],[28.171253444206865,-25.736567481750338],[28.171057710704606,-25.736210022197707],[28.169821439119922,-25.733951991822138],[28.169769641003576,-25.733848529622932],[28.169719342088957,-25.733744444130998],[28.169667992904248,-25.733633763666308],[28.169636595844338,-25.733563001504901],[28.169618542143645,-25.733522371925719],[28.169570890154549,-25.733410268343047],[28.169525135326278,-25.733297634000486],[28.169482840033336,-25.733189081059329],[28.169442441885607,-25.733079997362392],[28.169403742210218,-25.732970291518576],[28.16936663947363,-25.732860233729813],[28.169331433241453,-25.732749735445431],[28.169297825193851,-25.732638704705831],[28.169266113641346,-25.732527233472901],[28.169236098657109,-25.732415410867549],[28.169207780236579,-25.732303236890719],[28.169182058962711,-25.732190175119872],[28.169158233535697,-25.732076763116002],[28.169136303322858,-25.731963091136176],[28.169116367965643,-25.731849159749405],[28.169098228792567,-25.731734877563479],[28.169081984817687,-25.731620335403502],[28.16906773442717,-25.731505714350892],[28.169055379223849,-25.731390833325172],[28.169044917947367,-25.731275872839262],[28.169036451493358,-25.731160652949196],[28.169029978601149,-25.731045354167748],[28.169025299345535,-25.730930065614654],[28.169022613640582,-25.730814698170345],[28.169021821834679,-25.730699251266454],[28.169023022940596,-25.730583815727496],[28.169026116679508,-25.73046848124126],[28.169031103673397,-25.7303531575512],[28.169038083562182,-25.730237845225297],[28.169047055085258,-25.730122724775729],[28.169057818946538,-25.730007795065418],[28.169070674703651,-25.729892967542387],[28.169085323415604,-25.72977824050114],[28.169101963112361,-25.729663795590131],[28.169120494143566,-25.729549632240335],[28.169140916503956,-25.729435750450897],[28.169163230815649,-25.729322059964598],[28.169187435818792,-25.729208741293093],[28.169213530881031,-25.729095884691631],[28.169241616896237,-25.728983310214627],[28.169271494570513,-25.728871016724518],[28.169303361305829,-25.728759276125324],[28.169337018436153,-25.728647997023135],[28.169370433424852,-25.728571556856188],[28.169405438910104,-25.728495667306291],[28.169442232923046,-25.728420510020896],[28.169480617427499,-25.728345903349982],[28.169520591167064,-25.728272027804952],[28.169562153512601,-25.728198973640787],[28.1696053050891,-25.728126650599794],[28.169650145538149,-25.728055059248334],[28.169696374673258,-25.72798437839408],[28.169744193033754,-25.727914428658568],[28.169796215165043,-25.727841795060225],[28.169849724361594,-25.727770253033015],[28.169904920535654,-25.727699713454278],[28.169961803059049,-25.727630266578469],[28.169996161783871,-25.727590025854035],[28.170020172644147,-25.727561911268428],[28.170080129559814,-25.727494557833541],[28.170118681360574,-25.727453167581697],[28.170141672551932,-25.727428386784588],[28.170204701976783,-25.727363397552121],[28.170269117564523,-25.727299679823169],[28.170335019584421,-25.727237143906944],[28.170341938792173,-25.727230865108957],[28.170402407409885,-25.727175880057803],[28.170471181398074,-25.727115887706461],[28.170541241906438,-25.727057166283743],[28.170632944855896,-25.726995679696337],[28.170723461390718,-25.72693283239737],[28.17081279150954,-25.726868624389006],[28.170900935211101,-25.726803055673358],[28.170987792225816,-25.726736215941987],[28.171073462821198,-25.726668015507624],[28.171157747711423,-25.726598453238694],[28.171240746538221,-25.726527529704288],[28.171322457424079,-25.726455515675774],[28.171402781977836,-25.726382230075867],[28.171481720199314,-25.726307672906806],[28.17155927146305,-25.726231934427229],[28.171635435769236,-25.726155014639335],[28.17171011347617,-25.726076912978822],[28.171756920555996,-25.726023203575345],[28.171802140825783,-25.725968402016864],[28.171845674019316,-25.725912597994938],[28.171887620404785,-25.725855701821018],[28.171927680432745,-25.7257978020541],[28.171966153030027,-25.725738900394425],[28.172002837664422,-25.725679176223775],[28.172037735587878,-25.725618449030613],[28.17207084555211,-25.725556899329142],[28.172102066667627,-25.725494707067352],[28.172131499828211,-25.725431692299729],[28.172159044144696,-25.725368034974192],[28.172184699619596,-25.72530373509186],[28.172208366614186,-25.725238792087712],[28.172230144772502,-25.725173206528833],[28.172250032222649,-25.725107249185442],[28.172267830934931,-25.725040738413462],[28.172283738320214,-25.724973946115075],[28.172297655990132,-25.724906691212066],[28.172309582698215,-25.724839154218003],[28.172319517822906,-25.724771425389861],[28.172327362976262,-25.72470332364929],[28.172333215928177,-25.724635120332007],[28.172337076682041,-25.724566815438344],[28.172338845600542,-25.724498408402599],[28.172338720718955,-25.724430080869681],[28.172336403743611,-25.724361740885431],[28.1723321935998,-25.724293390147679],[28.172325889760291,-25.724225208037325],[28.172317691509466,-25.724157195686114],[28.172307299304698,-25.72408944165241],[28.172295011445733,-25.724022037890165],[28.17227155860061,-25.723940941445903],[28.172246010218227,-25.723860284394213],[28.172218664598038,-25.723780158688594],[28.1721893224633,-25.723700563196079],[28.172158181847788,-25.723621679560576],[28.172125144364539,-25.723543326702057],[28.172090108502246,-25.723465774822614],[28.172053374433428,-25.72338884510631],[28.172014643241745,-25.723312535853552],[28.17197431161398,-25.723237120096908],[28.1719319816191,-25.723162505313862],[28.171887951553547,-25.723088783457918],[28.171842121780131,-25.723015953961369],[28.171794591940575,-25.722944017388869],[28.171745362037004,-25.722872973738831],[28.171694331806947,-25.722802912699713],[28.171641699280308,-25.7227340159154],[28.171587465709024,-25.72266610287129],[28.171531630469264,-25.722599263822119],[28.171474093923266,-25.722533498199628],[28.171406931861569,-25.722461991444465],[28.171341172955866,-25.722389319257836],[28.17127681470329,-25.722315842667385],[28.171213759340393,-25.722241290338935],[28.171152105879422,-25.722165753097229],[28.171092053596443,-25.722089232077526],[28.171033401961193,-25.722011906661042],[28.170976252487758,-25.721933506646877],[28.170920503658817,-25.721854302239251],[28.170866354749403,-25.721774294573478],[28.170813606480618,-25.72169348251742],[28.170762558391282,-25.721611777516941],[28.170713010576613,-25.721529268696202],[28.170664963660403,-25.721445865800224],[28.170618417014484,-25.721361659086867],[28.170573568660384,-25.721276830204527],[28.170530319583296,-25.721191288331156],[28.170488669780458,-25.721105033468071],[28.170448718260687,-25.721018156440167],[28.170410365383166,-25.720930656681542],[28.170373710156323,-25.720842625017053],[28.170338752576843,-25.720754061447888],[28.170305393630084,-25.720664875151424],[28.170150547765211,-25.720177130940613],[28.170061817964129,-25.719897090370203],[28.169749471767588,-25.718902812024048],[28.169719342190529,-25.718807867343841],[28.169691208508475,-25.718712482727753],[28.169664971081161,-25.718616657609143],[28.16964072953991,-25.718520392556592],[28.169618383617863,-25.718423777259755],[28.169598132581541,-25.718326812854755],[28.169579777781866,-25.71822940795046],[28.169563416969559,-25.718131833884573],[28.169549050766502,-25.7180340004012],[28.169536679167834,-25.717935907500777],[28.169526401803765,-25.717837555751419],[28.169518018145748,-25.717739124530912],[28.169511727458914,-25.71764061497494],[28.169507330468431,-25.717542025948159],[28.169505126700585,-25.717443268897355],[28.169504815992497,-25.717344522632271],[28.169506597608631,-25.717245788288228],[28.169510271648104,-25.717147154986076],[28.169516037375075,-25.717048623861004],[28.169519243909527,-25.71697426784678],[28.169524634256589,-25.716886746306745],[28.16953211565885,-25.716799417200058],[28.169541488843485,-25.716712279390897],[28.169552754433109,-25.716625242622328],[28.169566010804314,-25.71653848797445],[28.169581158945618,-25.71645192462249],[28.169598197599765,-25.716365733078739],[28.169617227023259,-25.71627982365359],[28.169638146951684,-25.716194286035062],[28.169660857747587,-25.716109119654643],[28.169685457787882,-25.716024505592014],[28.169712048582035,-25.715940173644185],[28.169740428979704,-25.715856393444412],[28.169770697984454,-25.715773255815623],[28.169802757212551,-25.71569057967605],[28.169836605407852,-25.715608545537485],[28.169872342826856,-25.715527063709519],[28.169909768947353,-25.715446313568936],[28.169949083032744,-25.715366296249144],[28.169990085814142,-25.715287010613828],[28.170032876921908,-25.715208457228901],[28.170077555360013,-25.715130726916495],[28.170123723847105,-25.71505363689279],[28.17017167814846,-25.714977640140624],[28.171094345114508,-25.713564001221108],[28.171156374595412,-25.713455229462436],[28.171217013499341,-25.713345817946237],[28.171275963560422,-25.71323567471844],[28.171333523050492,-25.713124891736889],[28.171389592341292,-25.713013468436927],[28.171443971548801,-25.712901493944265],[28.171503210447227,-25.712778354792281],[28.171560759872182,-25.712654574189102],[28.171616519572144,-25.712530241827217],[28.171670391171112,-25.712405176629424],[28.171722772570991,-25.712279471118965],[28.1717731643738,-25.712153302980283],[28.171821966355985,-25.712026493966583],[28.171868879006333,-25.711899132638059],[28.1719141015903,-25.711771220128615],[28.171957434227927,-25.711642845564644],[28.171999076184424,-25.711514010079739],[28.172038729824699,-25.71138453146461],[28.172076691544959,-25.711254772444978],[28.172112862970007,-25.711124551943222],[28.172147143851188,-25.710993959651642],[28.172179634448145,-25.71086290588083],[28.172204915111433,-25.710722694879902],[28.172228503264954,-25.710582293739748],[28.172250400163417,-25.710441521948042],[28.172270703568088,-25.710300650841265],[28.172289425972973,-25.710157875287592],[28.172306456514658,-25.710014819341367],[28.172321693697391,-25.709871753207558],[28.172335338033093,-25.709728497504926],[28.172347090642582,-25.709585050537118],[28.172357149540176,-25.709441593949283],[28.172365515356297,-25.709298037485308],[28.172372188096979,-25.709154381145588],[28.172376969137051,-25.709010533542656],[28.172380155493347,-25.708866767143615],[28.172381448288949,-25.708723080251936],[28.17238114828594,-25.708579203794631],[28.172379054362487,-25.708435407410619],[28.172378951251332,-25.70842150675449],[28.172377917540047,-25.708254068213513],[28.172374992159764,-25.708086438409367],[28.1723703712507,-25.70791906975667],[28.172363758436944,-25.707751599531999],[28.172355351107171,-25.707584299636448],[28.17234524951968,-25.70741708037885],[28.172333155426905,-25.707249849805567],[28.172319266840962,-25.707082789560857],[28.172303583769345,-25.706915899644404],[28.172286007217949,-25.706749089233504],[28.172266735197557,-25.706582539972327],[28.172257946378032,-25.70651362152493],[28.172245569088254,-25.706416160472394],[28.17222260914777,-25.706249861042075]],[[28.171170329861678,-25.713137954220311],[28.171215863836494,-25.713051563401034],[28.171267471899636,-25.712951307039013],[28.171317787797918,-25.712850592009101],[28.171373368815566,-25.712737721771152],[28.171427260378497,-25.712624210084119],[28.171479562121259,-25.712510057516258],[28.171530173791787,-25.712395353759646],[28.17157899701369,-25.712279917736723],[28.171626229176994,-25.712164021351541],[28.17167177190526,-25.712047483526351],[28.1717155243226,-25.711930484209891],[28.17175758668861,-25.711812933713368],[28.171797958382808,-25.711694922294914],[28.171836640034439,-25.711576359699432],[28.171873530768508,-25.711457425875562],[28.171908731469188,-25.71133794087752],[28.171942041007565,-25.711218174344562],[28.171973758902276,-25.71109803771926],[28.172003687148237,-25.710977349357712],[28.172031517492837,-25.710857461412754],[28.172057756209085,-25.710737203379018],[28.17208230304777,-25.710616664948255],[28.172105059009336,-25.710495755298968],[28.172126121854195,-25.710374745767794],[28.17214539320765,-25.710253455276558],[28.172163809041749,-25.710097409753882],[28.172180333128061,-25.70994117296183],[28.172194865220956,-25.709784834592071],[28.172207405328169,-25.709628394645399],[28.172217855078216,-25.709471672043502],[28.172226411861921,-25.70931493868839],[28.172232876430893,-25.709158193449156],[28.172237349669977,-25.709001256378681],[28.172239829713696,-25.708844398247265],[28.172240317194326,-25.708687528798578],[28.172238812744105,-25.70853055777615],[28.172235315122055,-25.708373665693454],[28.172211530022874,-25.707750554726555],[28.172186483588355,-25.707093769486821],[28.172182979903621,-25.70699536595939],[28.172177682329309,-25.706897042504874],[28.172170591494226,-25.70679870886654],[28.17216170615399,-25.706700545557581],[28.172151589099649,-25.706607610345706],[28.172139777172941,-25.706514846028583],[28.172126469629067,-25.706422253737369],[28.172111467220329,-25.706329832340266],[28.17209486895165,-25.706237672659277],[28.171783972365812,-25.704158026093989],[28.171774517827789,-25.704084590809892],[28.171767056396998,-25.704011076586355],[28.171761588069771,-25.703937483423616],[28.171758013843604,-25.703863720499175],[28.171756332465666,-25.703789968326451],[28.171756743803861,-25.70371613778061],[28.171758948359745,-25.703642317420464],[28.171763244375086,-25.703568599200267],[28.171769432599707,-25.703494981987973],[28.17177761202862,-25.703421556605832],[28.17178758341209,-25.703348321921641],[28.171799745238914,-25.703275280198508],[28.171813598141281,-25.703202609119849],[28.171829541856962,-25.703130130435127],[28.17184727564009,-25.703058113216152],[28.171867098980552,-25.702986468903013],[28.171888712382152,-25.702915286054051],[28.171912115217509,-25.702844654925123],[28.171937507353498,-25.702774486390133],[28.171964689541895,-25.70270477931652],[28.171993659906637,-25.702635804473299],[28.172024518067644,-25.702567562425148],[28.172057265271111,-25.702499872657331],[28.172091600774337,-25.702433004241723],[28.172127824066539,-25.702366868617379],[28.172165735276646,-25.702301554908324],[28.172205434024882,-25.702237063678819],[28.172246820687182,-25.702173394361811],[28.172289894013375,-25.702110727469314],[28.17233445475798,-25.702049061868831],[28.172380802409901,-25.70198830899864],[28.172428736475577,-25.70192864823964],[28.172478157956245,-25.701869988768152],[28.172529165848843,-25.701812421404743],[28.172581760152578,-25.701755946147756],[28.172635740999379,-25.701700652121676],[28.172691208010701,-25.70164653989022],[28.17274806094078,-25.701593699143249],[28.172806399411296,-25.701542130444341],[28.172882461910572,-25.701477484258675],[28.172959711677827,-25.701414018149126],[28.173038247087792,-25.701351913192369],[28.173118070011931,-25.701290898616108],[28.173199078335269,-25.701231334880401],[28.173281173061252,-25.701173131161777],[28.173364553433686,-25.701116288587986],[28.173449020211319,-25.701060806027449],[28.173534473774449,-25.701006682913722],[28.173621112743852,-25.700954010631062],[28.173708638881092,-25.700902697227097],[28.17379725143018,-25.700852743829216],[28.175952305041623,-25.699656533116936],[28.176228922014559,-25.699502938494469],[28.176422533368715,-25.699395448898745],[28.177922109287515,-25.698562954524345],[28.178028170965511,-25.698510298768284],[28.178135218208599,-25.698459182914416],[28.178243251019765,-25.698409606960656],[28.178351969305794,-25.69836174973485],[28.178461673166669,-25.698315432405458],[28.17857226174787,-25.698270834923012],[28.178683537053899,-25.698227775649649],[28.178795597468952,-25.698186435658773],[28.178908344616445,-25.6981466338739],[28.179021876261988,-25.698108641625215],[28.179136094029069,-25.698072277836367],[28.179250897684149,-25.698037632202126],[28.179366287231769,-25.698004704721264],[28.179482262676462,-25.697973495392496],[28.179598824022868,-25.697944004214566],[28.179715871656914,-25.697916230625854],[28.179833405583349,-25.6978901746253],[28.179951425188694,-25.697865926468847],[28.180069831477592,-25.697843395338353],[28.180188724073659,-25.697822581793062],[28.180307903126437,-25.697803574968979],[28.180427369259206,-25.697786284608565],[28.180547121241297,-25.697770891225201],[28.180667260550258,-25.697757124607108],[28.180787586100642,-25.697745254405131],[28.181123379090362,-25.69772114538566],[28.182604793606099,-25.697614825753764],[28.183440146454778,-25.697538993323146],[28.183835985917632,-25.697474687287066],[28.183897728517216,-25.697463479487258],[28.183959084322279,-25.697450554547164],[28.184019954327077,-25.697435821652725],[28.184080238910546,-25.697419280247125],[28.184139936839884,-25.697401110845121],[28.184198949724657,-25.697381132375973],[28.18425727694742,-25.697359435097482],[28.184334695833062,-25.697328367228749],[28.184411329416346,-25.697295579976405],[28.184487078076216,-25.697261072784535],[28.184561840347367,-25.697225115868594],[28.184635717690401,-25.697187439015785],[28.184708509022339,-25.697148311884774],[28.184780414807186,-25.697107555076702],[28.184851134959146,-25.697065347436453],[28.184920670705903,-25.697021508451538],[28.184989119820436,-25.696976309451589],[28.18505638391235,-25.696929569367196],[28.185122362133576,-25.696881468157486],[28.185187055097629,-25.696831915567074],[28.185250462803658,-25.696780911597617],[28.185312484404541,-25.696728636208402],[28.185373119900003,-25.696675089401204],[28.185432468907688,-25.696620271734119],[28.185490233188172,-25.69656409128244],[28.185546510517185,-25.696506819375664],[28.185601302123228,-25.6964482755013],[28.185654607392657,-25.696388549918119],[28.185706326708459,-25.696327642071491],[28.185756359226133,-25.69626573192112],[28.185804804564395,-25.696202820024908],[28.185898052341901,-25.696100962582548],[28.185996987321602,-25.695971121752912],[28.186097542969843,-25.695835558350048],[28.186161559622114,-25.695724150486626],[28.186227322649071,-25.695588392818383],[28.18627420423261,-25.695463802404316],[28.186301741316743,-25.695367952216316],[28.186323589134293,-25.69527135361005],[28.186340858860657,-25.695173655355966],[28.186350921872187,-25.695089171654324],[28.18635851075835,-25.69501971877774],[28.186363013717042,-25.69493878559226],[28.186366314082782,-25.694802321008542],[28.186367796606621,-25.694584172202674],[28.186372356924007,-25.694262155158675],[28.186373822362008,-25.694046513679968],[28.186376936842983,-25.693820850736756],[28.186381728435823,-25.693697577910317],[28.186386765219773,-25.693654619408974],[28.186392840238149,-25.693575127411737],[28.186401267606438,-25.693498515211907],[28.186408868994228,-25.693427199406816],[28.186421163436293,-25.693363504305417],[28.186435857907892,-25.693295524381266],[28.186450582568284,-25.693223245511504],[28.18646842809569,-25.693157002623266],[28.186486325228191,-25.693083308105763],[28.186509785143077,-25.693005346403417],[28.186535656788195,-25.692921666600029],[28.186556762841061,-25.692841184319374],[28.186576177471505,-25.692776813142405],[28.186606793658399,-25.692693159783193],[28.186639824427242,-25.692603071664546],[28.186670318859832,-25.692537328921912],[28.186704773258533,-25.69247053324991],[28.186796172532564,-25.692285483345344],[28.186942065487784,-25.691993629417443],[28.187083969032031,-25.691706910575011],[28.18714332539707,-25.691582580652284],[28.18717224327667,-25.691516112330035],[28.187209222069484,-25.69142676272542],[28.187241476663608,-25.691334521009537],[28.187272896511484,-25.691248722851704],[28.187300368520351,-25.691162186018673],[28.187314165778439,-25.691109890073523],[28.187337640314539,-25.691029779176088],[28.187353954695727,-25.690956076599125],[28.187369512165496,-25.690877354019175],[28.187383503338644,-25.690796473604429],[28.187395932084552,-25.690712718707506],[28.187408497419973,-25.69060883283861],[28.187416129088941,-25.69053293186743],[28.187420564007653,-25.690462028868868],[28.187425085432857,-25.690378229912284],[28.187426403823451,-25.690300502995331],[28.187425890001922,-25.690259662612032],[28.187424873074551,-25.690176549468244],[28.187420673010564,-25.690096284365463],[28.187414092456613,-25.690017438436339],[28.187402660035833,-25.689931043154576],[28.187391436066918,-25.689837125808378],[28.187375435543935,-25.689748197632809],[28.187351704294848,-25.689633076071519],[28.187314009929807,-25.689478472523177],[28.187276129903246,-25.689351092344143],[28.187235802833694,-25.689234803286251],[28.187200859517962,-25.689140754653806],[28.187165838941944,-25.68905809647557],[28.187144826725678,-25.689008544529369],[28.187103558222628,-25.688914459722092],[28.187061484273951,-25.688822520422779],[28.187015467536462,-25.688729126699577],[28.186972525985968,-25.688648644738649],[28.18692725552614,-25.688561702465613],[28.186860084922532,-25.68843953302239],[28.186729102902923,-25.688213122291671],[28.186673573403656,-25.688123256966527],[28.18661175376252,-25.688028341663912],[28.186524030056088,-25.687905626915533],[28.1864590032176,-25.687817140981959],[28.186372754066987,-25.687710267891944],[28.186261351515515,-25.687581403233949],[28.186179734178292,-25.687491033855718],[28.186029017890053,-25.687329708580165],[28.185922229000045,-25.687220213174321],[28.185827956830494,-25.687130489648894],[28.185577354971105,-25.686891231338937],[28.185320449382871,-25.686648927211397],[28.18520966925611,-25.686545140557758],[28.185109158262311,-25.686442843625265],[28.185018857865202,-25.686350634336826],[28.184873194488677,-25.686190984287315],[28.184784536211829,-25.686089828372168],[28.184717091168647,-25.686008493058822],[28.184641027398047,-25.685915646439579],[28.184565954470198,-25.685816716337204],[28.184499325011316,-25.685731803039754],[28.18443589236735,-25.685641892703842],[28.184359140606439,-25.685533996547761],[28.184296535653623,-25.685438717564264],[28.184226100511793,-25.685332289999483],[28.184172936108279,-25.685243869409899],[28.184114284901533,-25.685148612461344],[28.184064240283142,-25.68506665840497],[28.183987674690627,-25.68493153777985],[28.183928315866837,-25.684824097930452],[28.183851784746285,-25.684683962546444],[28.18376587212239,-25.684528371651801],[28.183725261922646,-25.684454350023497],[28.183679199577405,-25.684368119005487],[28.183630136889569,-25.684258228307737],[28.183583419081963,-25.68415229149652],[28.183539949346656,-25.684033834741385],[28.183491131097401,-25.683888122716219],[28.183460339943277,-25.683765438685246],[28.183437424902884,-25.68364745527952],[28.183416879107234,-25.683529842563093],[28.183402664704605,-25.683411191181023],[28.183394218125454,-25.683293657015184],[28.183389210789461,-25.683181137123778],[28.183389374735896,-25.68304107334977],[28.183400595722812,-25.682902862236347],[28.183418961853953,-25.682760391997146],[28.183435468795373,-25.682658606271314],[28.183458138317349,-25.68254195209445],[28.183489480965811,-25.682428928899228],[28.183541308715402,-25.682270828623764],[28.18356006188943,-25.682215047772448],[28.183628588932692,-25.682049060060752],[28.183700968160647,-25.681896595056362],[28.183774031245502,-25.681754841460542],[28.18381944290207,-25.681665539768449],[28.183832741718458,-25.681647702835829],[28.18384264257385,-25.681639411818029],[28.183851761387523,-25.681635522951417],[28.183862487853453,-25.681633540357229],[28.18387435498985,-25.681632413496235],[28.183885559676707,-25.681631878649135],[28.183966943094322,-25.681672705680327],[28.183973500152884,-25.681683118725047],[28.183976005570006,-25.681702238218595],[28.183967285966379,-25.681724876470781],[28.183863008594884,-25.681876275015405],[28.183807760564996,-25.681965122736045],[28.183721413914874,-25.682118358095323],[28.183646636469803,-25.682272357654302],[28.183626740296965,-25.682320320059407],[28.183595154088245,-25.682391787716469],[28.183573536022067,-25.682470236850783],[28.183539616459299,-25.682574648314223],[28.183514381261361,-25.682681042656824],[28.183493843850144,-25.682794126327863],[28.183473343028389,-25.682901836078244],[28.183458857063592,-25.68305507447479],[28.183457105113575,-25.683196204366428],[28.183460952238441,-25.683327693261532],[28.183469668167838,-25.683440940647856],[28.183492403512123,-25.683585431698823],[28.183514531155712,-25.683703052355977],[28.183546897229515,-25.683826462763683],[28.183577045540389,-25.683927291977604],[28.183618968687576,-25.684040725186442],[28.183661004215892,-25.684137680124181],[28.183710098619105,-25.684242914443292],[28.183767839579478,-25.684355719447939],[28.183822417106889,-25.684468506731335],[28.183884016522697,-25.684595303821638],[28.183950282741826,-25.684733231760163],[28.184005667128538,-25.684843874383134],[28.184027091981584,-25.68488359427905],[28.18407202002258,-25.68496926464486],[28.18412119563197,-25.685062677843884],[28.184179066667248,-25.685156497990477],[28.184228354665731,-25.685233432895838],[28.184311226341322,-25.685371453531985],[28.184398136041228,-25.685496959494721],[28.184460743545056,-25.685591880115421],[28.184549281683651,-25.685710588538814],[28.184616648412803,-25.685803386592291],[28.18469568459583,-25.685900907286339],[28.184785857629073,-25.686011743147571],[28.184841227933315,-25.686078108923102],[28.184931450973878,-25.68618178189115],[28.185046837422629,-25.686305654913546],[28.185166167851765,-25.686430983216848],[28.185293415276178,-25.686554922302932],[28.185560391447638,-25.686806320502065],[28.185870832824822,-25.687104220303326],[28.186042077372292,-25.687269600164857],[28.186147270994383,-25.687381236593275],[28.186250083359454,-25.687494292100183],[28.186370911869428,-25.687632165004903],[28.186460307559393,-25.687741563085893],[28.186529316105553,-25.687825772109374],[28.1866514886642,-25.687998759162994],[28.186720376861938,-25.688100877848075],[28.186797802607042,-25.688226400846514],[28.186857255618921,-25.688320587112486],[28.186888478363638,-25.688380225781287],[28.186905277578013,-25.688404847756903],[28.186956123107784,-25.688502398757745],[28.187000617244287,-25.68858718758953],[28.187052910596542,-25.688687781189753],[28.187102842011871,-25.688786929172053],[28.187155829193337,-25.688901855480172],[28.187208807741985,-25.689018215060081],[28.187250021399045,-25.689120251495662],[28.187291949735293,-25.689233682794764],[28.187326834800384,-25.689336329310368],[28.18736008947301,-25.689446130721088],[28.187387072318149,-25.689548016525968],[28.187406280260149,-25.689630514350835],[28.187426184346531,-25.689726987495312],[28.187446031569749,-25.689831698408156],[28.187454970320601,-25.689912706580731],[28.187464123367782,-25.689985476954941],[28.187470719531518,-25.690062173863947],[28.187474942939453,-25.690138856651679],[28.187479143040505,-25.690219121753341],[28.187478591303542,-25.690300435387577],[28.187478445308852,-25.690380676277009],[28.187475028545304,-25.690475944489823],[28.187469739535029,-25.690556156727016],[28.187461317484111,-25.690632124604228],[28.187449586353768,-25.69072949650289],[28.187437172232165,-25.690811101478207],[28.187419950312183,-25.690901994562992],[28.187405211977364,-25.690976422598698],[28.187386516106901,-25.691051545252265],[28.187371817621798,-25.691120241954884],[28.187344394298833,-25.69119961418621],[28.187320933825792,-25.691277648263849],[28.187291910114595,-25.691359877339764],[28.187258084406793,-25.691450677876347],[28.18722832802969,-25.691524305529843],[28.187193769654602,-25.691606503738857],[28.187154442303456,-25.691692258706386],[28.187117608296901,-25.691760115339399],[28.18696767678999,-25.69206469987374],[28.186843438659796,-25.692311538842464],[28.186744885051844,-25.692502280432418],[28.186700005463834,-25.692590510832797],[28.186672732185762,-25.692647675125198],[28.186653458761835,-25.692691270019122],[28.186620759000689,-25.692777062678765],[28.186593035379911,-25.692856073822874],[28.186564756897713,-25.692944755092839],[28.186532384499447,-25.693054190606009],[28.18650801682535,-25.693149341889839],[28.186474535990214,-25.693305483762202],[28.186454717170598,-25.693429318140161],[28.186441262820754,-25.693547456468561],[28.186432630014579,-25.69365415859621],[28.186429473918775,-25.693769559898524],[28.186429033220193,-25.693950817825382],[28.186424636181279,-25.694248834610171],[28.186421627706867,-25.694575158524241],[28.186418750636356,-25.694882139415444],[28.186414811294597,-25.694996390018964],[28.186406232871175,-25.695095211775751],[28.186392889225711,-25.695196871816258],[28.186370111760009,-25.695313883991915],[28.186340003241654,-25.695439093340688],[28.18630681071669,-25.695552823285141],[28.186258298284237,-25.695709811756519],[28.186176442957919,-25.696002739683298],[28.186158486709271,-25.696085030206554],[28.186147603270154,-25.696173808410677],[28.186145608947218,-25.696257908373212],[28.186145804730337,-25.696345315066846],[28.186148612049479,-25.696397631301629],[28.18616595283563,-25.696505532556074],[28.186154065122867,-25.696526909411357],[28.186119803600374,-25.696584304428104],[28.186083855291283,-25.696640697155569],[28.186079729845211,-25.6966467215866],[28.186045920113166,-25.696696266438668],[28.186006697230777,-25.696750745396812],[28.18596538785847,-25.696804400351713],[28.185922593385136,-25.696856693095544],[28.185878310741337,-25.696908074912518],[28.185832243527322,-25.696958183104396],[28.185784689369068,-25.69700719985229],[28.185735650721817,-25.697054764126342],[28.185685125129851,-25.697101236953479],[28.185633115048883,-25.697146257303775],[28.18557961863711,-25.697190095946976],[28.18552493659179,-25.69723248377931],[28.185469068913733,-25.697273420799501],[28.185411716134507,-25.697312995593936],[28.185353178952596,-25.697350939059117],[28.185293456140815,-25.697387431707867],[28.185232846555746,-25.697422475208519],[28.185171051957763,-25.697455977633076],[28.185108074191547,-25.697487668208812],[28.185044210885842,-25.697517729118591],[28.184979460813629,-25.697546340875459],[28.18491382582037,-25.697573232707075],[28.184847605378785,-25.69759831602579],[28.184780499406397,-25.697621769674331],[28.184712507905477,-25.69764359365157],[28.18464393157862,-25.697663518856086],[28.184574769814045,-25.69768163554421],[28.184505320855852,-25.697698035643523],[28.184434986994805,-25.697712715810884],[28.184364366560825,-25.697725589131132],[28.184293460172086,-25.697736565346862],[28.184222266601733,-25.697745824971868],[28.184150787698197,-25.697753097234649],[28.184079021619446,-25.697758652906025],[28.184007268455211,-25.697762313143837],[28.183935229352734,-25.697764076275746],[28.183275734724571,-25.697792336400408],[28.182573490492818,-25.697822249381517],[28.181098061220414,-25.697941599759393],[28.180574155317814,-25.697983877263741],[28.180451813652976,-25.697999165850455],[28.180330059166515,-25.698015992061784],[28.180208292286455,-25.698034623309823],[28.180086812482074,-25.698054971017765],[28.179965619748234,-25.698077035186177],[28.179845312411633,-25.698100728920359],[28.179724993897512,-25.69812604717913],[28.179605260058864,-25.698153264095843],[28.179486112746286,-25.698182108900944],[28.17936725309832,-25.698212579913921],[28.179248979967287,-25.698244678817403],[28.179131292110906,-25.69827858612657],[28.17901419138132,-25.698314031071888],[28.178897975393458,-25.698351195851309],[28.178782047666775,-25.698389896586928],[28.178667005292578,-25.698430226902712],[28.178552548170689,-25.698472365631023],[28.178438977012433,-25.698516043686048],[28.178326292433866,-25.698561170812866],[28.178214193715014,-25.698608016099943],[28.178102681471376,-25.69865648929159],[28.177992354034966,-25.698706503501441],[28.177882913164552,-25.698757966790282],[28.176691595823371,-25.699413034628101],[28.176481591104668,-25.699528555437407],[28.1761935841431,-25.699686960256042],[28.174194616811938,-25.70078612618202],[28.174096837468262,-25.700836298685982],[28.173999944667585,-25.700887920309523],[28.173903938407381,-25.700940991054321],[28.173809118171768,-25.700995422358659],[28.173715183226093,-25.701051483301484],[28.173622136060313,-25.701108812857367],[28.173530573777171,-25.701167504672597],[28.173439599160201,-25.701227643924263],[28.173350108176006,-25.701289325953095],[28.173261804452746,-25.701352188040236],[28.173174387878067,-25.701416409006605],[28.173088456803114,-25.70148190198671],[28.173003712362679,-25.701548665288104],[28.172943870915276,-25.701601489186547],[28.172885515007984,-25.701655585129817],[28.172828644017077,-25.70171104337642],[28.172773557431729,-25.701767775366893],[28.172719658769392,-25.701825597198379],[28.172667546385377,-25.701884422007051],[28.172616619429622,-25.701944697686717],[28.172567479377722,-25.702005886090159],[28.172520126231181,-25.702067987219166],[28.172474558743485,-25.702131181588992],[28.172430477425653,-25.702195557761758],[28.172387886023461,-25.702260574198451],[28.172347379151141,-25.702326685576928],[28.172308659816657,-25.702393619432257],[28.172271429155103,-25.702461374069269],[28.172236284902542,-25.702529952882514],[28.172202629327039,-25.702599352479986],[28.172171062038384,-25.702669305486303],[28.172141581791067,-25.702739992416276],[28.172113592725481,-25.702811139107176],[28.172087689458134,-25.70288320023754],[28.172063577494662,-25.702955542314413],[28.172041553833253,-25.703028437806037],[28.172021318984346,-25.703101975272975],[28.172003174941871,-25.703175705129688],[28.171987119836174,-25.703249898147156],[28.171972855426244,-25.703324462372166],[28.171960382964212,-25.703399217291871],[28.171950299567929,-25.703474256558238],[28.171942008126841,-25.703549486520391],[28.171938248789363,-25.703660846320957],[28.171936282663374,-25.7037722163039],[28.171936109753872,-25.703883596469396],[28.171937730690377,-25.703994896560886],[28.17194144309995,-25.704106298789238],[28.171946650494746,-25.704217619246236],[28.171953652375088,-25.70432876937253],[28.171962746993383,-25.704439841122046],[28.17197363548328,-25.704550832797199],[28.172222509522264,-25.706249860476419]]]},"properties":{"OBJECTID":6,"Route_Type":"Complementary Route","Route_Code":"Line 1A - C01","Route_Description":"E's'kia Mphahlele Complementary","Shape.STLength()":18171.997901427661}},{"type":"Feature","id":7,"geometry":{"type":"MultiLineString","coordinates":[[[28.201005021930687,-25.709157701808568],[28.201381772758925,-25.711450128527122],[28.201858965432809,-25.714370414631919],[28.202204254980689,-25.716484401402898],[28.202476029754379,-25.718148848460853],[28.202549555678981,-25.718598387038167],[28.202894967769581,-25.720712281825246],[28.203087682436841,-25.721892408333698],[28.203227270785494,-25.72274649401631],[28.203403716936542,-25.723826793155787],[28.20360455398437,-25.725045504277436],[28.203812633906946,-25.726329332338061],[28.203931169547943,-25.727054229592852],[28.204020117756137,-25.727598534518204],[28.20422357014418,-25.728845239408596],[28.204288727909809,-25.729251315746215],[28.204297178890695,-25.729299109647489],[28.204303635164933,-25.729347163435811],[28.204308196976502,-25.729395387398466],[28.204310864923887,-25.729443691278451],[28.204311439713507,-25.729492073987458],[28.204310020988501,-25.729540536069653],[28.204306709593759,-25.729588897554844],[28.204301306836236,-25.729637067097393],[28.204294410075132,-25.729670154995198],[28.204289105239873,-25.729703612628054],[28.204285493780031,-25.72973716976907],[28.204283475450303,-25.729770916131297],[28.20428315109957,-25.72980467174483],[28.204284421684157,-25.729838345808378],[28.204287386250552,-25.729872029123271],[28.204291946355813,-25.72990554063102],[28.204350389887953,-25.73024253103587],[28.204369621495182,-25.730377394809288],[28.204595250388941,-25.731677022288377],[28.204605828413854,-25.73173466615432],[28.20461441109429,-25.731792660167283],[28.204620999028016,-25.731850914070446],[28.204625493165068,-25.731909337062927],[28.204627994351338,-25.731967749174668],[28.204628402335508,-25.732026240118785],[28.204626717715136,-25.732084719638127],[28.204623140383507,-25.732143098563533],[28.204617471042003,-25.732201375806699],[28.204609809936219,-25.732259461654291],[28.204600057415291,-25.732317355561907],[28.204588314325598,-25.732374877558907],[28.204574680312533,-25.73243202818886],[28.204558856429053,-25.732488805818942],[28.204541242466437,-25.732545032110561],[28.204521538876961,-25.732600795687794],[28.204499946156048,-25.732655917123836],[28.204476563949804,-25.732710396961927],[28.204451192358651,-25.732764324369978],[28.204273430823566,-25.733150841238441],[28.203275427202325,-25.735271378330857],[28.203248660594848,-25.735325117340924],[28.203223682256372,-25.735379678468934],[28.203200593042883,-25.735434881746905],[28.203179493209024,-25.735490637463833],[28.203160182252244,-25.735547125044445],[28.20314286188345,-25.735603984551698],[28.203127631154207,-25.735661306788433],[28.203114191114867,-25.735719090120032],[28.203102841924153,-25.735777155668409],[28.203093483332211,-25.735835593145953],[28.203086116545627,-25.735894222039136],[28.20308074096539,-25.735953132605307],[28.203077458051119,-25.736012054618918],[28.203076186211646,-25.736068279824924],[28.203076168154794,-25.736070987534969],[28.203076637330707,-25.73612018196205],[28.203078501622979,-25.736169384020993],[28.203081762237154,-25.736218413197772],[28.203130263393298,-25.736820804914679],[28.203371154737063,-25.739806758875066],[28.203483589727902,-25.740924795628224],[28.202631004313698,-25.741089729679668],[28.20163016968645,-25.741292567793646],[28.200762158168821,-25.741468508247539],[28.199482235402922,-25.741706445377204],[28.199195554303177,-25.741760108674253],[28.199093680714515,-25.7417633394505],[28.199105000045655,-25.741843913765095],[28.199211311630357,-25.74233831168997],[28.199342061542136,-25.742725524535029],[28.199394775825997,-25.742830516099115],[28.199550099222229,-25.743075523558264],[28.199717391056723,-25.743334135643888],[28.199960829020462,-25.74371113587323],[28.200141586590405,-25.744146911879792],[28.200176570986905,-25.744235739483333],[28.200229284175428,-25.744549502478868],[28.200255659587697,-25.744807791348492],[28.200258062130747,-25.744850858632873],[28.200263579287739,-25.744949723791908],[28.200300660664844,-25.745618574561746],[28.200346370999789,-25.746308593521785],[28.200345726360542,-25.746375111699543],[28.2003432878452,-25.74644162002657],[28.200339254770221,-25.746508119597188],[28.200333329362081,-25.746574428255865],[28.20032580999295,-25.746640637900811],[28.200316598208836,-25.746706567470898],[28.200305692798469,-25.746772397479347],[28.200292995307677,-25.746837946864794],[28.20027860539367,-25.746903216174037],[28.200262622713929,-25.746968205953777],[28.200244849154295,-25.747032734595258],[28.200225582484123,-25.7470969842533],[28.200207112529352,-25.747146435623701],[28.200189342598431,-25.747195529795292],[28.200170080769077,-25.747244164469613],[28.200149327644134,-25.747292249389236],[28.200126984166118,-25.747339693749339],[28.200103248445593,-25.747386679157522],[28.200078022029626,-25.747433024552087],[28.200051305521441,-25.747478639675492],[28.200020076458852,-25.747528381969524],[28.199987059523988,-25.747577211833104],[28.199952554302037,-25.747625040650778],[28.199916162149336,-25.747671866231279],[28.199878281707612,-25.747717690763494],[28.199823971006889,-25.747776241941267],[28.199771147303963,-25.747835974649941],[28.199719712148006,-25.747896707829916],[28.199669765200692,-25.747958442030313],[28.19962130646298,-25.748021177252735],[28.199574436201818,-25.748084823789629],[28.19952905475748,-25.748149381094727],[28.199485262397356,-25.748214759460527],[28.199443058518085,-25.748281049145241],[28.199402443121283,-25.748348250150258],[28.199363517079963,-25.748416182511338],[28.199326280396242,-25.748484846229868],[28.199290733072264,-25.748554241307179],[28.199258968606429,-25.748624288996051],[28.199092245801623,-25.748933866827006],[28.198679273574946,-25.74970015944016],[28.198616856759049,-25.749822840424613],[28.198555434014928,-25.749945887889353],[28.198495408235825,-25.750068672232832],[28.198495005345034,-25.750069301835662],[28.198426770452436,-25.750212349474655],[28.19835992824957,-25.750355765783144],[28.198294476923049,-25.750499821533328],[28.198260228503219,-25.750613089854756],[28.198227670048389,-25.750726999290773],[28.198197103582608,-25.750841100205385],[28.198168427023969,-25.75095575307801],[28.198141741859015,-25.751070687688539],[28.198116847553973,-25.751186083453938],[28.198084492412036,-25.7514032514493],[28.198077635611405,-25.751449214716008],[28.198131099374141,-25.751477249667357],[28.198182937593838,-25.751501275323285],[28.198264170893559,-25.751530184316756],[28.198815919101275,-25.75164583506141],[28.198865537842096,-25.7516481840489],[28.198914945753671,-25.751652246800521],[28.19896424250209,-25.751658023864842],[28.19901322876143,-25.751665514145504],[28.199061804869707,-25.751674717094662],[28.199110071098225,-25.751685543004239],[28.199157727851453,-25.751698080486854],[28.199204875400508,-25.751712239834529],[28.199251413477825,-25.751728110756449],[28.1992971439673,-25.75174551164368],[28.199342166534393,-25.751764443045005],[28.19977123649182,-25.751942899092803],[28.200479297747663,-25.752237606615868],[28.200558087002111,-25.752274594545476],[28.200637583625173,-25.752310142155473],[28.200717887279307,-25.752344249991747],[28.200798998566423,-25.752376827796184],[28.200880817819463,-25.752407875020438],[28.200963244767273,-25.752437481373075],[28.201046380279845,-25.752465466886385],[28.201130122878183,-25.752492101782565],[28.201214375310112,-25.75251702448675],[28.201299236029818,-25.75254041605821],[28.201384705034457,-25.752562276495809],[28.201470483930159,-25.752582513901938],[28.201556772043347,-25.752601129369005],[28.202046758571196,-25.752747870506496],[28.202132824375042,-25.75279979038616],[28.202792768593934,-25.753047919723468],[28.203617817044528,-25.753393256763289],[28.204239877345685,-25.753643789964823],[28.204958857126066,-25.752271882694703],[28.20598794629127,-25.750276069484087],[28.206054970133735,-25.750088964574783],[28.206099979164851,-25.749915098108755],[28.206193035492081,-25.749260136041769],[28.20622444702137,-25.74882272591638],[28.206223591713645,-25.748756470279709],[28.206178087446876,-25.748150215338601],[28.206052813174917,-25.746695169833249],[28.205929133529029,-25.745225510528783],[28.205805257694994,-25.743755759553441],[28.20574340180519,-25.743031174053339],[28.205681598107514,-25.742283843170295],[28.20563872251283,-25.741807486477661],[28.205556814235177,-25.740816523587224],[28.205425843663821,-25.73942571063758],[28.205146568112294,-25.735955212681539],[28.205134653224508,-25.735903699283661],[28.205121041278183,-25.735852627926167],[28.205105533573896,-25.735801907264076],[28.20508832821498,-25.735751718898499],[28.205069126250859,-25.7357020611975],[28.205048226035803,-25.735653026048826],[28.205025628172031,-25.735604523194755],[28.205001330860089,-25.735556823405677],[28.204975235051329,-25.73550983587992],[28.204947440998552,-25.735463470903372],[28.204918145002129,-25.735418180848111],[28.20488704991287,-25.735373693310446],[28.204854454083272,-25.735330100178061],[28.20476874776282,-25.735225832964538],[28.204349711476464,-25.734715559779993],[28.204324275192654,-25.734674352403406],[28.204300538383347,-25.734632341962058],[28.204278500446208,-25.734589618713787],[28.204258262231569,-25.734546002689545],[28.204239721083173,-25.734501944630921],[28.204222978452044,-25.734457174311729],[28.204208132183187,-25.734411963048014],[28.204195082624864,-25.734366310295929],[28.204183929424822,-25.734320216600306],[28.204174572330288,-25.734273771674175],[28.204167210037408,-25.734227066863635],[28.204161643244763,-25.73418010108017],[28.20415816969675,-25.734133056471162],[28.204156491644515,-25.734085750889459],[28.204156706331275,-25.734038545907676],[28.204158813754777,-25.733991441525742],[28.204162914163177,-25.733944348030835],[28.204168807053478,-25.7338974448481],[28.204176691121138,-25.733850823323056],[28.204186466714685,-25.733804482910987],[28.204198133831987,-25.733758423611444],[28.204453844150947,-25.733159408408174],[28.204489084727612,-25.733090010113582],[28.204522735089991,-25.733019971303676],[28.204554694991039,-25.732949381692571],[28.204584865986114,-25.732878060223221],[28.20461334652493,-25.732806187954971],[28.204640136610074,-25.732733764888863],[28.204665136595899,-25.732660790481869],[28.204688444932351,-25.732587445793111],[28.204709962574679,-25.732513640022418],[28.204729689525902,-25.732439373170628],[28.204747624588009,-25.732364825752715],[28.204763868012719,-25.732289908056231],[28.204778221107659,-25.732214528736872],[28.204788018535414,-25.732164848753204],[28.204796024094705,-25.732114888206887],[28.2048022377877,-25.732064647098248],[28.204806558767892,-25.732014305397886],[28.204809086685376,-25.731963863649867],[28.204809622247037,-25.731913320766616],[28.204808463197359,-25.731862858894011],[28.204805411444273,-25.731812296430117],[28.204800564235807,-25.731761994947156],[28.204793722879682,-25.731711863100081],[28.204785284166793,-25.731662173835598],[28.204774950958289,-25.731612654750442],[28.204762721454976,-25.731563576615606],[28.204748795554277,-25.731514850261359],[28.204595167554597,-25.730701126664105],[28.204577352758548,-25.730607880691867],[28.204560934240575,-25.730514461819151],[28.204546212138006,-25.730420691164241],[28.204532885705969,-25.730326837866738],[28.20452125448065,-25.730232813301967],[28.204512880776612,-25.730188359473082],[28.204506401557342,-25.730143735466505],[28.204501916466906,-25.73009894182654],[28.204499226210832,-25.730053977465182],[28.204498529478577,-25.730008933727678],[28.204499726621872,-25.729963810069975],[28.204502915482593,-25.729918877807343],[28.204507996412573,-25.729874136395569],[28.204514969409704,-25.729829585834395],[28.204523834471924,-25.729785226123511],[28.204534689441175,-25.729741328577891],[28.204547335624383,-25.729697801851877],[28.204561872064911,-25.729654736746106],[28.204578198514586,-25.72961222297311],[28.204596314971756,-25.729570260532221],[28.204616320479939,-25.729528940223847],[28.204637914899532,-25.729488440929554],[28.204661397766763,-25.729448674023303],[28.204686468942462,-25.729409818386653],[28.204713228071284,-25.729371874562673],[28.204741575506738,-25.729334842006541],[28.20477141040169,-25.729298900687695],[28.205191674630949,-25.728812704537727],[28.205227446524933,-25.728768040244336],[28.205261630672023,-25.728722374416449],[28.205294027783122,-25.728675705968225],[28.205324936194323,-25.728628126788447],[28.205354156616774,-25.728579635791117],[28.205381588207061,-25.728530412948185],[28.205407331211589,-25.728480368546897],[28.205431284787274,-25.728429682559103],[28.205453349891101,-25.728378264185206],[28.205473824259411,-25.728326295570454],[28.205492209670666,-25.728273773998804],[28.205508904705759,-25.72822070164445],[28.205523709477728,-25.728167167678524],[28.205536524344357,-25.728113171558316],[28.205547447753016,-25.72805889434202],[28.20555657935062,-25.728004336573438],[28.205563719250968,-25.727949587423495],[28.205568967101076,-25.727894647435843],[28.205572223259221,-25.727839516067466],[28.205573586172807,-25.727784374376157],[28.20557295620025,-25.727729221818738],[28.205570432988463,-25.727674058938526],[28.205565915696383,-25.727619065706563],[28.205559604214688,-25.727564152952088],[28.205467504020902,-25.726848336817053],[28.205122132513498,-25.724734268424964],[28.204737706209954,-25.722381336995124],[28.204616782357878,-25.721640811836494],[28.204431421180299,-25.720506399000239],[28.204085982914208,-25.718392416909651],[28.203740456172284,-25.716278433137699],[28.203395139856408,-25.714164449317629],[28.202858228985026,-25.710900309118628],[28.202668375025866,-25.709786808901299],[28.202643497333803,-25.709692531017403],[28.202616524461604,-25.709598692971692],[28.202587555441358,-25.709505385565404],[28.202556689906295,-25.709412609342472],[28.202524028090888,-25.709320274589473],[28.202489269909584,-25.709228560184897],[28.202452714252704,-25.709137467762496],[28.20241416186672,-25.709046996230885],[28.202373811410922,-25.708957236936122],[28.201005021930687,-25.709157701808568]],[[28.186809454575222,-25.707712371386663],[28.187368551850003,-25.707766238740813],[28.188047393225226,-25.707831398179913],[28.189518966563547,-25.70797497727991],[28.190990528608527,-25.708120798033651],[28.192453580631437,-25.708273326390309],[28.19398398462338,-25.708426302778893],[28.195506070361649,-25.708572357463673],[28.196960872819975,-25.708708909393319],[28.198440823302391,-25.708854791710923],[28.199399380481992,-25.708959345630316],[28.199878683948501,-25.709022902945769],[28.201005021930687,-25.709157701808568]],[[28.186809454575222,-25.707712371386663],[28.186661728196327,-25.707698114750897],[28.186678387867634,-25.707556024979045],[28.186695229494084,-25.707405188177475],[28.186732043288984,-25.707108307699077],[28.186752135548119,-25.706944593506108],[28.186782317648678,-25.7066925733393],[28.186817934098759,-25.70641670236223],[28.186849978303478,-25.706200993485115],[28.186888376830598,-25.705981020024332],[28.186915911553211,-25.705808272499215],[28.186952707967823,-25.70551378007638],[28.186982746418423,-25.705282775245927],[28.187000595864486,-25.705138630463733],[28.187064237617122,-25.704617414412059],[28.18713669348163,-25.704040364466113],[28.187193686681617,-25.703566396847464],[28.187243957591249,-25.70315066205378],[28.18729966880672,-25.702710120559878],[28.187366950622614,-25.702118235139736],[28.187445440383105,-25.701428498401903],[28.187495871418832,-25.700988882234451],[28.187501483821418,-25.700938762063544],[28.187522922767702,-25.700731591048903],[28.187541832194693,-25.70058649703746],[28.187579620726623,-25.700300607032908],[28.187599694202749,-25.700139280719075],[28.187644398271964,-25.699766501101575],[28.187653497631139,-25.699668637179553],[28.187658304490334,-25.699581735853553],[28.187658771252138,-25.69951295903201],[28.187657130042425,-25.699444171369318],[28.187652389722423,-25.699365814169877],[28.187642540581876,-25.699263546476075],[28.187628418440589,-25.699169374812893],[28.187605891674878,-25.699070857215602],[28.187582335900675,-25.698968513153098],[28.187552408923864,-25.698872820992097],[28.187531744842282,-25.698810613837299],[28.187504792840919,-25.69874264010102],[28.187470558311077,-25.69866029692226],[28.187433147937725,-25.698579846854415],[28.187388382746793,-25.698495535063923],[28.18734774471654,-25.698424619260376],[28.187299772330693,-25.698346976070436],[28.187237130227555,-25.698255877200431],[28.187132652750286,-25.698114872030793],[28.18693311361109,-25.697843898678308],[28.186730461142307,-25.697565743718332],[28.186610303474897,-25.697405066908065],[28.186521513050071,-25.697283254255865],[28.18644003761694,-25.69717103373009],[28.186348112880502,-25.697044904379844],[28.186292806421068,-25.696960533445928],[28.186249019658543,-25.696887688958451],[28.186213628636583,-25.696820623755951],[28.186183527925639,-25.696750721393148],[28.186161770972522,-25.696694240394464],[28.186138005791793,-25.696622940943723],[28.186126737530657,-25.696572688685009],[28.186110377757032,-25.696499557651663],[28.186105313600162,-25.696443201396427],[28.186092743601129,-25.696301912308996],[28.186093230676725,-25.696230269819843],[28.186098071924633,-25.696138592127646],[28.186115686954139,-25.69602883613312],[28.186138547725836,-25.695922929235568],[28.186178445453127,-25.695792281313842],[28.186236728175444,-25.69559391328551],[28.18627420423261,-25.695463802404316],[28.186301741316743,-25.695367952216316],[28.186323589134293,-25.69527135361005],[28.186340858860657,-25.695173655355966],[28.186350921872187,-25.695089171654324],[28.18635851075835,-25.69501971877774],[28.186363013717042,-25.69493878559226],[28.186366314082782,-25.694802321008542],[28.186367796606621,-25.694584172202674],[28.186372356924007,-25.694262155158675],[28.186373822362008,-25.694046513679968],[28.186376936842983,-25.693820850736756],[28.186381728435823,-25.693697577910317],[28.186386765219773,-25.693654619408974],[28.186392840238149,-25.693575127411737],[28.186401267606438,-25.693498515211907],[28.186408868994228,-25.693427199406816],[28.186421163436293,-25.693363504305417],[28.186435857907892,-25.693295524381266],[28.186450582568284,-25.693223245511504],[28.18646842809569,-25.693157002623266],[28.186486325228191,-25.693083308105763],[28.186509785143077,-25.693005346403417],[28.186535656788195,-25.692921666600029],[28.186556762841061,-25.692841184319374],[28.186576177471505,-25.692776813142405],[28.186606793658399,-25.692693159783193],[28.186639824427242,-25.692603071664546],[28.186670318859832,-25.692537328921912],[28.186704773258533,-25.69247053324991],[28.186796172532564,-25.692285483345344],[28.186942065487784,-25.691993629417443],[28.187083969032031,-25.691706910575011],[28.18714332539707,-25.691582580652284],[28.18717224327667,-25.691516112330035],[28.187209222069484,-25.69142676272542],[28.187241476663608,-25.691334521009537],[28.187272896511484,-25.691248722851704],[28.187300368520351,-25.691162186018673],[28.187314165778439,-25.691109890073523],[28.187337640314539,-25.691029779176088],[28.187353954695727,-25.690956076599125],[28.187369512165496,-25.690877354019175],[28.187383503338644,-25.690796473604429],[28.187395932084552,-25.690712718707506],[28.187408497419973,-25.69060883283861],[28.187416129088941,-25.69053293186743],[28.187420564007653,-25.690462028868868],[28.187425085432857,-25.690378229912284],[28.187426403823451,-25.690300502995331],[28.187425890001922,-25.690259662612032],[28.187424873074551,-25.690176549468244],[28.187420673010564,-25.690096284365463],[28.187414092456613,-25.690017438436339],[28.187402660035833,-25.689931043154576],[28.187391436066918,-25.689837125808378],[28.187375435543935,-25.689748197632809],[28.187351704294848,-25.689633076071519],[28.187314009929807,-25.689478472523177],[28.187276129903246,-25.689351092344143],[28.187235802833694,-25.689234803286251],[28.187200859517962,-25.689140754653806],[28.187165838941944,-25.68905809647557],[28.187144826725678,-25.689008544529369],[28.187103558222628,-25.688914459722092],[28.187061484273951,-25.688822520422779],[28.187015467536462,-25.688729126699577],[28.186972525985968,-25.688648644738649],[28.18692725552614,-25.688561702465613],[28.186860084922532,-25.68843953302239],[28.186729102902923,-25.688213122291671],[28.186673573403656,-25.688123256966527],[28.18661175376252,-25.688028341663912],[28.186524030056088,-25.687905626915533],[28.1864590032176,-25.687817140981959],[28.186372754066987,-25.687710267891944],[28.186261351515515,-25.687581403233949],[28.186179734178292,-25.687491033855718],[28.186029017890053,-25.687329708580165],[28.185922229000045,-25.687220213174321],[28.185827956830494,-25.687130489648894],[28.185577354971105,-25.686891231338937],[28.185320449382871,-25.686648927211397],[28.18520966925611,-25.686545140557758],[28.185109158262311,-25.686442843625265],[28.185018857865202,-25.686350634336826],[28.184873194488677,-25.686190984287315],[28.184784536211829,-25.686089828372168],[28.184717091168647,-25.686008493058822],[28.184641027398047,-25.685915646439579],[28.184565954470198,-25.685816716337204],[28.184499325011316,-25.685731803039754],[28.18443589236735,-25.685641892703842],[28.184359140606439,-25.685533996547761],[28.184296535653623,-25.685438717564264],[28.184226100511793,-25.685332289999483],[28.184172936108279,-25.685243869409899],[28.184114284901533,-25.685148612461344],[28.184064240283142,-25.68506665840497],[28.183987674690627,-25.68493153777985],[28.183928315866837,-25.684824097930452],[28.183851784746285,-25.684683962546444],[28.18376587212239,-25.684528371651801],[28.183725261922646,-25.684454350023497],[28.183679199577405,-25.684368119005487],[28.183630136889569,-25.684258228307737],[28.183583419081963,-25.68415229149652],[28.183539949346656,-25.684033834741385],[28.183491131097401,-25.683888122716219],[28.183460339943277,-25.683765438685246],[28.183437424902884,-25.68364745527952],[28.183416879107234,-25.683529842563093],[28.183402664704605,-25.683411191181023],[28.183394218125454,-25.683293657015184],[28.183389210789461,-25.683181137123778],[28.183389374735896,-25.68304107334977],[28.183400595722812,-25.682902862236347],[28.183418961853953,-25.682760391997146],[28.183435468795373,-25.682658606271314],[28.183458138317349,-25.68254195209445],[28.183489480965811,-25.682428928899228],[28.183541308715402,-25.682270828623764],[28.18356006188943,-25.682215047772448],[28.183628588932692,-25.682049060060752],[28.183700968160647,-25.681896595056362],[28.183774031245502,-25.681754841460542],[28.18381944290207,-25.681665539768449],[28.183832741718458,-25.681647702835829],[28.18384264257385,-25.681639411818029],[28.183851761387523,-25.681635522951417],[28.183862487853453,-25.681633540357229],[28.18387435498985,-25.681632413496235],[28.183885559676707,-25.681631878649135],[28.183966943094322,-25.681672705680327],[28.183973500152884,-25.681683118725047],[28.183976005570006,-25.681702238218595],[28.183967285966379,-25.681724876470781],[28.183863008594884,-25.681876275015405],[28.183807760564996,-25.681965122736045],[28.183721413914874,-25.682118358095323],[28.183646636469803,-25.682272357654302],[28.183626740296965,-25.682320320059407],[28.183595154088245,-25.682391787716469],[28.183573536022067,-25.682470236850783],[28.183539616459299,-25.682574648314223],[28.183514381261361,-25.682681042656824],[28.183493843850144,-25.682794126327863],[28.183473343028389,-25.682901836078244],[28.183458857063592,-25.68305507447479],[28.183457105113575,-25.683196204366428],[28.183460952238441,-25.683327693261532],[28.183469668167838,-25.683440940647856],[28.183492403512123,-25.683585431698823],[28.183514531155712,-25.683703052355977],[28.183546897229515,-25.683826462763683],[28.183577045540389,-25.683927291977604],[28.183618968687576,-25.684040725186442],[28.183661004215892,-25.684137680124181],[28.183710098619105,-25.684242914443292],[28.183767839579478,-25.684355719447939],[28.183822417106889,-25.684468506731335],[28.183884016522697,-25.684595303821638],[28.183950282741826,-25.684733231760163],[28.184005667128538,-25.684843874383134],[28.184027091981584,-25.68488359427905],[28.18407202002258,-25.68496926464486],[28.18412119563197,-25.685062677843884],[28.184179066667248,-25.685156497990477],[28.184228354665731,-25.685233432895838],[28.184311226341322,-25.685371453531985],[28.184398136041228,-25.685496959494721],[28.184460743545056,-25.685591880115421],[28.184549281683651,-25.685710588538814],[28.184616648412803,-25.685803386592291],[28.18469568459583,-25.685900907286339],[28.184785857629073,-25.686011743147571],[28.184841227933315,-25.686078108923102],[28.184931450973878,-25.68618178189115],[28.185046837422629,-25.686305654913546],[28.185166167851765,-25.686430983216848],[28.185293415276178,-25.686554922302932],[28.185560391447638,-25.686806320502065],[28.185870832824822,-25.687104220303326],[28.186042077372292,-25.687269600164857],[28.186147270994383,-25.687381236593275],[28.186250083359454,-25.687494292100183],[28.186370911869428,-25.687632165004903],[28.186460307559393,-25.687741563085893],[28.186529316105553,-25.687825772109374],[28.1866514886642,-25.687998759162994],[28.186720376861938,-25.688100877848075],[28.186797802607042,-25.688226400846514],[28.186857255618921,-25.688320587112486],[28.186888478363638,-25.688380225781287],[28.186905277578013,-25.688404847756903],[28.186956123107784,-25.688502398757745],[28.187000617244287,-25.68858718758953],[28.187052910596542,-25.688687781189753],[28.187102842011871,-25.688786929172053],[28.187155829193337,-25.688901855480172],[28.187208807741985,-25.689018215060081],[28.187250021399045,-25.689120251495662],[28.187291949735293,-25.689233682794764],[28.187326834800384,-25.689336329310368],[28.18736008947301,-25.689446130721088],[28.187387072318149,-25.689548016525968],[28.187406280260149,-25.689630514350835],[28.187426184346531,-25.689726987495312],[28.187446031569749,-25.689831698408156],[28.187454970320601,-25.689912706580731],[28.187464123367782,-25.689985476954941],[28.187470719531518,-25.690062173863947],[28.187474942939453,-25.690138856651679],[28.187479143040505,-25.690219121753341],[28.187478591303542,-25.690300435387577],[28.187478445308852,-25.690380676277009],[28.187475028545304,-25.690475944489823],[28.187469739535029,-25.690556156727016],[28.187461317484111,-25.690632124604228],[28.187449586353768,-25.69072949650289],[28.187437172232165,-25.690811101478207],[28.187419950312183,-25.690901994562992],[28.187405211977364,-25.690976422598698],[28.187386516106901,-25.691051545252265],[28.187371817621798,-25.691120241954884],[28.187344394298833,-25.69119961418621],[28.187320933825792,-25.691277648263849],[28.187291910114595,-25.691359877339764],[28.187258084406793,-25.691450677876347],[28.18722832802969,-25.691524305529843],[28.187193769654602,-25.691606503738857],[28.187154442303456,-25.691692258706386],[28.187117608296901,-25.691760115339399],[28.18696767678999,-25.69206469987374],[28.186843438659796,-25.692311538842464],[28.186744885051844,-25.692502280432418],[28.186700005463834,-25.692590510832797],[28.186672732185762,-25.692647675125198],[28.186653458761835,-25.692691270019122],[28.186620759000689,-25.692777062678765],[28.186593035379911,-25.692856073822874],[28.186564756897713,-25.692944755092839],[28.186532384499447,-25.693054190606009],[28.18650801682535,-25.693149341889839],[28.186474535990214,-25.693305483762202],[28.186454717170598,-25.693429318140161],[28.186441262820754,-25.693547456468561],[28.186432630014579,-25.69365415859621],[28.186429473918775,-25.693769559898524],[28.186429033220193,-25.693950817825382],[28.186424636181279,-25.694248834610171],[28.186421627706867,-25.694575158524241],[28.186418750636356,-25.694882139415444],[28.186414811294597,-25.694996390018964],[28.186406232871175,-25.695095211775751],[28.186392889225711,-25.695196871816258],[28.186370111760009,-25.695313883991915],[28.186340003241654,-25.695439093340688],[28.18630681071669,-25.695552823285141],[28.186258298284237,-25.695709811756519],[28.186176442957919,-25.696002739683298],[28.186158486709271,-25.696085030206554],[28.186147603270154,-25.696173808410677],[28.186145608947218,-25.696257908373212],[28.186145804730337,-25.696345315066846],[28.186148612049479,-25.696397631301629],[28.18616595283563,-25.696505532556074],[28.186178486637736,-25.69656174365474],[28.186196989799139,-25.696631580398215],[28.18624876955764,-25.696769426402028],[28.186321628094792,-25.696908345858819],[28.186392593115585,-25.697015731223178],[28.186477211813457,-25.697130834179379],[28.186607791583086,-25.697309240436276],[28.186693459156849,-25.697425304979546],[28.186763428258008,-25.697524086394861],[28.186853267574097,-25.697646860611467],[28.186968163712713,-25.697806074555029],[28.187085162602159,-25.697966255088645],[28.187219928614901,-25.698149460734946],[28.187305583407738,-25.698267434769374],[28.187350471662583,-25.698333598585386],[28.187396375038226,-25.69840549868595],[28.187447439099099,-25.698493667203667],[28.187495281967443,-25.698590414169203],[28.187543035131817,-25.69870053542515],[28.187584519883302,-25.698802024427199],[28.187619608537105,-25.69891398501322],[28.187647361794529,-25.699019218226212],[28.187667858424494,-25.699106260519127],[28.187681090914044,-25.699176068614996],[28.187694174327941,-25.699267846193944],[28.187702038718651,-25.699351952339633],[28.187707865460023,-25.699425539905658],[28.187709481761907,-25.699498149060396],[28.187709008555398,-25.699567879900616],[28.187704278520087,-25.699643319473235],[28.187699458723507,-25.699732131543808],[28.187689341071405,-25.699824734828368],[28.187677043115681,-25.699927834997137],[28.187655818556355,-25.700103483773283],[28.187629088588672,-25.700313492028233],[28.18761250224815,-25.700427075517783],[28.187593450295569,-25.700593185006717],[28.187578843187111,-25.700725884053238],[28.187556511437638,-25.700909169881598],[28.187537433382762,-25.701079099028675],[28.18751387890082,-25.701287214105815],[28.187492595435383,-25.70147146070401],[28.187462241374572,-25.701749272225165],[28.18743090998241,-25.702015614295632],[28.187399514569886,-25.702291509160407],[28.187360348781823,-25.702624676105202],[28.187325705646519,-25.702912971763816],[28.187263146123627,-25.703430372491276],[28.187185051056773,-25.704061745979139],[28.187167188062986,-25.704207800647723],[28.187100234705369,-25.704750969521214],[28.187035516276204,-25.705275522824206],[28.187023301427509,-25.705366204370254],[28.187003313699783,-25.705514635429385],[28.186985418760571,-25.705665466443371],[28.186976289053998,-25.705767628259018],[28.186973267012803,-25.7059286784501],[28.186974586773015,-25.706173316862532],[28.186972484575278,-25.706327579174062],[28.186966524404497,-25.706428803698731],[28.186956321089255,-25.70653382528273],[28.186938490810068,-25.706675103463322],[28.186921810584654,-25.706802251464318],[28.186892864543296,-25.707027530781566],[28.186848203449415,-25.707393145078548],[28.186826945811937,-25.707573093332144],[28.186809454575222,-25.707712371386663]]]},"properties":{"OBJECTID":7,"Route_Type":"Complementary Route","Route_Code":"Line 1A - C02","Route_Description":"Gezina Complementary","Shape.STLength()":18698.739030264886}},{"type":"Feature","id":8,"geometry":{"type":"LineString","coordinates":[[28.20622444702137,-25.74882272591638],[28.206223591713645,-25.748756470279709],[28.206178087446876,-25.748150215338601],[28.206052813174917,-25.746695169833249],[28.205929133529029,-25.745225510528783],[28.205805257694994,-25.743755759553441],[28.20574340180519,-25.743031174053339],[28.205681598107514,-25.742283843170295],[28.20563872251283,-25.741807486477661],[28.205556814235177,-25.740816523587224],[28.205425843663821,-25.73942571063758],[28.205146568112294,-25.735955212681539],[28.205134653224508,-25.735903699283661],[28.205121041278183,-25.735852627926167],[28.205105533573896,-25.735801907264076],[28.20508832821498,-25.735751718898499],[28.205069126250859,-25.7357020611975],[28.205048226035803,-25.735653026048826],[28.205025628172031,-25.735604523194755],[28.205001330860089,-25.735556823405677],[28.204975235051329,-25.73550983587992],[28.204947440998552,-25.735463470903372],[28.204918145002129,-25.735418180848111],[28.20488704991287,-25.735373693310446],[28.204854454083272,-25.735330100178061],[28.20476874776282,-25.735225832964538],[28.204349711476464,-25.734715559779993],[28.204324275192654,-25.734674352403406],[28.204300538383347,-25.734632341962058],[28.204278500446208,-25.734589618713787],[28.204258262231569,-25.734546002689545],[28.204239721083173,-25.734501944630921],[28.204222978452044,-25.734457174311729],[28.204208132183187,-25.734411963048014],[28.204195082624864,-25.734366310295929],[28.204183929424822,-25.734320216600306],[28.204174572330288,-25.734273771674175],[28.204167210037408,-25.734227066863635],[28.204161643244763,-25.73418010108017],[28.20415816969675,-25.734133056471162],[28.204156491644515,-25.734085750889459],[28.204156706331275,-25.734038545907676],[28.204158813754777,-25.733991441525742],[28.204162914163177,-25.733944348030835],[28.204168807053478,-25.7338974448481],[28.204176691121138,-25.733850823323056],[28.204186466714685,-25.733804482910987],[28.204198133831987,-25.733758423611444],[28.204453844150947,-25.733159408408174],[28.204489084727612,-25.733090010113582],[28.204522735089991,-25.733019971303676],[28.204554694991039,-25.732949381692571],[28.204584865986114,-25.732878060223221],[28.20461334652493,-25.732806187954971],[28.204640136610074,-25.732733764888863],[28.204665136595899,-25.732660790481869],[28.204688444932351,-25.732587445793111],[28.204709962574679,-25.732513640022418],[28.204729689525902,-25.732439373170628],[28.204747624588009,-25.732364825752715],[28.204763868012719,-25.732289908056231],[28.204778221107659,-25.732214528736872],[28.204788018535414,-25.732164848753204],[28.204796024094705,-25.732114888206887],[28.2048022377877,-25.732064647098248],[28.204806558767892,-25.732014305397886],[28.204809086685376,-25.731963863649867],[28.204809622247037,-25.731913320766616],[28.204808463197359,-25.731862858894011],[28.204805411444273,-25.731812296430117],[28.204800564235807,-25.731761994947156],[28.204793722879682,-25.731711863100081],[28.204785284166793,-25.731662173835598],[28.204774950958289,-25.731612654750442],[28.204762721454976,-25.731563576615606],[28.204748795554277,-25.731514850261359],[28.204595167554597,-25.730701126664105],[28.204577352758548,-25.730607880691867],[28.204560934240575,-25.730514461819151],[28.204546212138006,-25.730420691164241],[28.204532885705969,-25.730326837866738],[28.20452125448065,-25.730232813301967],[28.204512880776612,-25.730188359473082],[28.204506401557342,-25.730143735466505],[28.204501916466906,-25.73009894182654],[28.204499226210832,-25.730053977465182],[28.204498529478577,-25.730008933727678],[28.204499726621872,-25.729963810069975],[28.204502915482593,-25.729918877807343],[28.204507996412573,-25.729874136395569],[28.204514969409704,-25.729829585834395],[28.204523834471924,-25.729785226123511],[28.204534689441175,-25.729741328577891],[28.204547335624383,-25.729697801851877],[28.204561872064911,-25.729654736746106],[28.204578198514586,-25.72961222297311],[28.204596314971756,-25.729570260532221],[28.204616320479939,-25.729528940223847],[28.204637914899532,-25.729488440929554],[28.204661397766763,-25.729448674023303],[28.204686468942462,-25.729409818386653],[28.204713228071284,-25.729371874562673],[28.204741575506738,-25.729334842006541],[28.20477141040169,-25.729298900687695],[28.205191674630949,-25.728812704537727],[28.205227446524933,-25.728768040244336],[28.205261630672023,-25.728722374416449],[28.205294027783122,-25.728675705968225],[28.205324936194323,-25.728628126788447],[28.205354156616774,-25.728579635791117],[28.205381588207061,-25.728530412948185],[28.205407331211589,-25.728480368546897],[28.205431284787274,-25.728429682559103],[28.205453349891101,-25.728378264185206],[28.205473824259411,-25.728326295570454],[28.205492209670666,-25.728273773998804],[28.205508904705759,-25.72822070164445],[28.205523709477728,-25.728167167678524],[28.205536524344357,-25.728113171558316],[28.205547447753016,-25.72805889434202],[28.20555657935062,-25.728004336573438],[28.205563719250968,-25.727949587423495],[28.205568967101076,-25.727894647435843],[28.205572223259221,-25.727839516067466],[28.205573586172807,-25.727784374376157],[28.20557295620025,-25.727729221818738],[28.205570432988463,-25.727674058938526],[28.205565915696383,-25.727619065706563],[28.205559604214688,-25.727564152952088],[28.205467504020902,-25.726848336817053],[28.205122132513498,-25.724734268424964],[28.204418405511721,-25.724828902137013],[28.203808204032818,-25.724914656388194],[28.203786466488708,-25.724916884385902],[28.203765016448905,-25.72492082889967],[28.203744052595066,-25.724926581275735],[28.203723674568131,-25.724934142058775],[28.203704282738006,-25.724943242655584],[28.203685876502995,-25.724953973323647],[28.203668556706756,-25.724966154093586],[28.203652722517617,-25.724979696886791],[28.203638174651729,-25.7249946006146],[28.203625213838304,-25.725010596139672],[28.203614039962606,-25.725027594294367],[28.20360455398437,-25.725045504277436],[28.203812633906946,-25.726329332338061],[28.203931169547943,-25.727054229592852],[28.204020117756137,-25.727598534518204],[28.20422357014418,-25.728845239408596],[28.204288727909809,-25.729251315746215],[28.204297178890695,-25.729299109647489],[28.204303635164933,-25.729347163435811],[28.204308196976502,-25.729395387398466],[28.204310864923887,-25.729443691278451],[28.204311439713507,-25.729492073987458],[28.204310020988501,-25.729540536069653],[28.204306709593759,-25.729588897554844],[28.204301306836236,-25.729637067097393],[28.204294410075132,-25.729670154995198],[28.204289105239873,-25.729703612628054],[28.204285493780031,-25.72973716976907],[28.204283475450303,-25.729770916131297],[28.20428315109957,-25.72980467174483],[28.204284421684157,-25.729838345808378],[28.204287386250552,-25.729872029123271],[28.204291946355813,-25.72990554063102],[28.204350389887953,-25.73024253103587],[28.204369621495182,-25.730377394809288],[28.204595250388941,-25.731677022288377],[28.204605828413854,-25.73173466615432],[28.20461441109429,-25.731792660167283],[28.204620999028016,-25.731850914070446],[28.204625493165068,-25.731909337062927],[28.204627994351338,-25.731967749174668],[28.204628402335508,-25.732026240118785],[28.204626717715136,-25.732084719638127],[28.204623140383507,-25.732143098563533],[28.204617471042003,-25.732201375806699],[28.204609809936219,-25.732259461654291],[28.204600057415291,-25.732317355561907],[28.204588314325598,-25.732374877558907],[28.204574680312533,-25.73243202818886],[28.204558856429053,-25.732488805818942],[28.204541242466437,-25.732545032110561],[28.204521538876961,-25.732600795687794],[28.204499946156048,-25.732655917123836],[28.204476563949804,-25.732710396961927],[28.204451192358651,-25.732764324369978],[28.204273430823566,-25.733150841238441],[28.203275427202325,-25.735271378330857],[28.203248660594848,-25.735325117340924],[28.203223682256372,-25.735379678468934],[28.203200593042883,-25.735434881746905],[28.203179493209024,-25.735490637463833],[28.203160182252244,-25.735547125044445],[28.20314286188345,-25.735603984551698],[28.203127631154207,-25.735661306788433],[28.203114191114867,-25.735719090120032],[28.203102841924153,-25.735777155668409],[28.203093483332211,-25.735835593145953],[28.203086116545627,-25.735894222039136],[28.20308074096539,-25.735953132605307],[28.203077458051119,-25.736012054618918],[28.203076186211646,-25.736068279824924],[28.203076168154794,-25.736070987534969],[28.203076637330707,-25.73612018196205],[28.203078501622979,-25.736169384020993],[28.203081762237154,-25.736218413197772],[28.203130263393298,-25.736820804914679],[28.203371154737063,-25.739806758875066],[28.203483589727902,-25.740924795628224],[28.202631004313698,-25.741089729679668],[28.20163016968645,-25.741292567793646],[28.200762158168821,-25.741468508247539],[28.199482235402922,-25.741706445377204],[28.199195554303177,-25.741760108674253],[28.199093680714515,-25.7417633394505],[28.199105000045655,-25.741843913765095],[28.199211311630357,-25.74233831168997],[28.199342061542136,-25.742725524535029],[28.199394775825997,-25.742830516099115],[28.199550099222229,-25.743075523558264],[28.199717391056723,-25.743334135643888],[28.199960829020462,-25.74371113587323],[28.200141586590405,-25.744146911879792],[28.200176570986905,-25.744235739483333],[28.200229284175428,-25.744549502478868],[28.200255659587697,-25.744807791348492],[28.200258062130747,-25.744850858632873],[28.200263579287739,-25.744949723791908],[28.200300660664844,-25.745618574561746],[28.200346370999789,-25.746308593521785],[28.200345726360542,-25.746375111699543],[28.2003432878452,-25.74644162002657],[28.200339254770221,-25.746508119597188],[28.200333329362081,-25.746574428255865],[28.20032580999295,-25.746640637900811],[28.200316598208836,-25.746706567470898],[28.200305692798469,-25.746772397479347],[28.200292995307677,-25.746837946864794],[28.20027860539367,-25.746903216174037],[28.200262622713929,-25.746968205953777],[28.200244849154295,-25.747032734595258],[28.200225582484123,-25.7470969842533],[28.200207112529352,-25.747146435623701],[28.200189342598431,-25.747195529795292],[28.200170080769077,-25.747244164469613],[28.200149327644134,-25.747292249389236],[28.200126984166118,-25.747339693749339],[28.200103248445593,-25.747386679157522],[28.200078022029626,-25.747433024552087],[28.200051305521441,-25.747478639675492],[28.200020076458852,-25.747528381969524],[28.199987059523988,-25.747577211833104],[28.199952554302037,-25.747625040650778],[28.199916162149336,-25.747671866231279],[28.199878281707612,-25.747717690763494],[28.199823971006889,-25.747776241941267],[28.199771147303963,-25.747835974649941],[28.199719712148006,-25.747896707829916],[28.199669765200692,-25.747958442030313],[28.19962130646298,-25.748021177252735],[28.199574436201818,-25.748084823789629],[28.19952905475748,-25.748149381094727],[28.199485262397356,-25.748214759460527],[28.199443058518085,-25.748281049145241],[28.199402443121283,-25.748348250150258],[28.199363517079963,-25.748416182511338],[28.199326280396242,-25.748484846229868],[28.199290733072264,-25.748554241307179],[28.199258968606429,-25.748624288996051],[28.199092245801623,-25.748933866827006],[28.198679273574946,-25.74970015944016],[28.198616856759049,-25.749822840424613],[28.198555434014928,-25.749945887889353],[28.198495408235825,-25.750068672232832],[28.198495005345034,-25.750069301835662],[28.198426770452436,-25.750212349474655],[28.19835992824957,-25.750355765783144],[28.198294476923049,-25.750499821533328],[28.198260228503219,-25.750613089854756],[28.198227670048389,-25.750726999290773],[28.198197103582608,-25.750841100205385],[28.198168427023969,-25.75095575307801],[28.198141741859015,-25.751070687688539],[28.198116847553973,-25.751186083453938],[28.198084492412036,-25.7514032514493],[28.198077635611405,-25.751449214716008],[28.198131099374141,-25.751477249667357],[28.198182937593838,-25.751501275323285],[28.198264170893559,-25.751530184316756],[28.198815919101275,-25.75164583506141],[28.198865537842096,-25.7516481840489],[28.198914945753671,-25.751652246800521],[28.19896424250209,-25.751658023864842],[28.19901322876143,-25.751665514145504],[28.199061804869707,-25.751674717094662],[28.199110071098225,-25.751685543004239],[28.199157727851453,-25.751698080486854],[28.199204875400508,-25.751712239834529],[28.199251413477825,-25.751728110756449],[28.1992971439673,-25.75174551164368],[28.199342166534393,-25.751764443045005],[28.19977123649182,-25.751942899092803],[28.200479297747663,-25.752237606615868],[28.200558087002111,-25.752274594545476],[28.200637583625173,-25.752310142155473],[28.200717887279307,-25.752344249991747],[28.200798998566423,-25.752376827796184],[28.200880817819463,-25.752407875020438],[28.200963244767273,-25.752437481373075],[28.201046380279845,-25.752465466886385],[28.201130122878183,-25.752492101782565],[28.201214375310112,-25.75251702448675],[28.201299236029818,-25.75254041605821],[28.201384705034457,-25.752562276495809],[28.201470483930159,-25.752582513901938],[28.201556772043347,-25.752601129369005],[28.202046758571196,-25.752747870506496],[28.202132824375042,-25.75279979038616],[28.202792768593934,-25.753047919723468],[28.203617817044528,-25.753393256763289],[28.204239877345685,-25.753643789964823],[28.204958857126066,-25.752271882694703],[28.20598794629127,-25.750276069484087],[28.206054970133735,-25.750088964574783],[28.206099979164851,-25.749915098108755],[28.206193035492081,-25.749260136041769],[28.20622444702137,-25.74882272591638]]},"properties":{"OBJECTID":8,"Route_Type":"Complementary Route","Route_Code":"Line 1A - C02*","Route_Description":"Gezina Circular","Shape.STLength()":7545.2827664671522}},{"type":"Feature","id":9,"geometry":{"type":"MultiLineString","coordinates":[[[28.192457895181757,-25.740234329838213],[28.192418789002311,-25.739717299034922]],[[28.192418789002311,-25.739717299034922],[28.192518233154058,-25.740970293137607],[28.192581326278244,-25.741706262600168],[28.192704739932029,-25.743175839137592],[28.19514844419453,-25.743008933974387],[28.195082145773874,-25.742272947735643],[28.19502491668608,-25.74153701153298],[28.194964683322787,-25.740803315146277],[28.19491684568813,-25.740330268191034],[28.194891339910825,-25.740077850143638],[28.194885229553808,-25.74005290457222],[28.194876072492626,-25.740021623950419],[28.19486531732009,-25.739990876055085],[28.194852864383179,-25.73996066033504],[28.194838812728925,-25.739931067597528],[28.19482336166654,-25.739902098943844],[28.194806212234571,-25.739873752720925],[28.19478766217965,-25.739846211094449],[28.194767710894116,-25.739819564320634],[28.193347850526926,-25.739544538115851]],[[28.192418789002311,-25.739717299034922],[28.192391714766586,-25.739359349744884],[28.192576120470413,-25.739395068050015],[28.193197270674101,-25.739515372385753],[28.193347850526926,-25.739544538115851]],[[28.193347850526926,-25.739544538115851],[28.194046411364166,-25.739600726127204],[28.194092514462742,-25.73960094420941],[28.194138583082054,-25.73959932980566],[28.194184529488084,-25.73959588784621],[28.194230266931203,-25.739590625072008],[28.19427570365481,-25.739583551806909],[28.19432075387547,-25.739574679310476],[28.194365331742876,-25.739564028770598],[28.194409353430352,-25.739551616873477],[28.194452730049495,-25.739537472011243],[28.194495379736477,-25.73952161539416],[28.194537222535526,-25.73950408087952],[28.194578175483137,-25.739484905015892],[28.194618160641234,-25.73946411806153],[28.194657100965074,-25.739441765623869],[28.194694923432714,-25.739417887917057],[28.194731552992852,-25.73939253055968],[28.194766919546655,-25.73936574371082],[28.194800955979016,-25.739337578448598],[28.196422250846751,-25.737888120636033],[28.196493083731255,-25.737832058144139],[28.196565195003746,-25.73777734934913],[28.196638554605499,-25.737724018453708],[28.19671312851009,-25.737672086930775],[28.196788884641862,-25.737621582582317],[28.196865792997301,-25.737572521487959],[28.196943813535025,-25.737524930503245],[28.197022918251005,-25.737478824816304],[28.197103069115489,-25.737434228586054],[28.197184232121405,-25.737391160578067],[28.197266372277468,-25.737349637747307],[28.197349452575271,-25.737309680648124],[28.197433438029911,-25.737271305333064],[28.197518290648937,-25.737234530545958],[28.197603973478962,-25.737199368718262],[28.197690449524377,-25.737165838599438],[28.197777679839071,-25.737133952610105],[28.197865628442418,-25.737103726797702],[28.197954255392066,-25.737075173577495],[28.198037109341463,-25.737050171850505],[28.19812048461386,-25.737026631550521],[28.198204348254301,-25.737004563326533],[28.19828866933727,-25.736983972423161],[28.19837341490798,-25.736964869489572],[28.198458555049726,-25.736947257970868],[28.198544055805261,-25.736931149413419],[28.198629886267543,-25.736916546354458],[28.200838222370784,-25.736530517752048],[28.202354335430254,-25.736265470488554],[28.202446321541807,-25.736247005039008],[28.20253784910205,-25.736226764308505],[28.202628880173389,-25.73620475801884],[28.202719372814201,-25.736180998577698],[28.202809284110565,-25.736155494777233],[28.20289857412012,-25.736128258133679],[28.202987201892082,-25.736099301963119],[28.20307512648181,-25.736068638679118],[28.203076216383842,-25.736068238470249],[28.203077456539607,-25.736011982402395],[28.203080779398544,-25.735953047970899],[28.203086123442947,-25.735894233810715],[28.203093483302112,-25.735835597658809],[28.203102849625378,-25.735777196327675],[28.203114217024083,-25.735719090261767],[28.203127571213287,-25.735661329025636],[28.203142901815959,-25.735603973938886],[28.20316019155181,-25.735547075452157],[28.203179426069983,-25.735490693057976],[28.203200586097434,-25.735434877195896],[28.203223650308018,-25.735379687320226],[28.203248596463517,-25.735325170243744],[28.203275402259624,-25.735271382707467],[28.204273417568771,-25.733150886296212],[28.204451181799847,-25.732764263837886],[28.204476545610589,-25.732710457336236],[28.204500021654468,-25.732655952737613],[28.204521587650543,-25.732600804077542],[28.204541220309558,-25.732545067191111],[28.204558903341781,-25.732488794341229],[28.204574615409118,-25.732432047691791],[28.204588342227062,-25.732374877711248],[28.204600070447611,-25.732317343899204],[28.204609788721847,-25.73225950486345],[28.2046174867274,-25.732201414704292],[28.20462315806785,-25.732143136569412],[28.204626793429465,-25.732084722759293],[28.204628394405734,-25.732026233757271],[28.204627956611333,-25.73196773001396],[28.204625479676864,-25.731909267488813],[28.204620967200839,-25.731850904870647],[28.204614422793732,-25.731792699043108],[28.204605855018372,-25.731734711429752],[28.204595270492621,-25.731676996222639],[28.204369668958986,-25.730377450127321],[28.204350428780032,-25.730242526735239],[28.204291927501185,-25.729905528794202],[28.204287340413405,-25.729872028872951],[28.204284395547901,-25.729838379964598],[28.204283098461485,-25.729804645281845],[28.204283453702452,-25.729770889837024],[28.204285458807849,-25.729737184019736],[28.204289109369906,-25.72970359098813],[28.204294398963899,-25.729670177499617],[28.204301318187788,-25.72963700849014],[28.204306654164629,-25.729588841290692],[28.204310016060283,-25.729540527919291],[28.204311400443167,-25.729492135150078],[28.204310804878187,-25.729443729762501],[28.204308229931634,-25.729395376747192],[28.20430368014361,-25.729347142921558],[28.204297160054185,-25.729299095102949],[28.20428868018212,-25.729251300141296],[28.204223575924622,-25.728845269226095],[28.204020135481741,-25.727598566206179],[28.203931192243608,-25.727054263113207],[28.20381266616538,-25.72632927655285],[28.203604502549322,-25.725045447132253],[28.203403679840914,-25.723826827251973],[28.203227215245704,-25.722746454900641],[28.203087726049556,-25.721892442871169],[28.202894975475932,-25.720712321582017],[28.202549592827356,-25.718598344819007],[28.202476073859103,-25.718148808987575],[28.202204223278187,-25.716484374151214],[28.201858966531514,-25.714370399293635],[28.201381818582959,-25.711450129680777],[28.201004998025841,-25.709157700774952],[28.199878668062265,-25.70902289473511],[28.199399367602773,-25.708959334728316],[28.198440817439579,-25.708854774529183],[28.196960875384772,-25.708708972589829],[28.19550608156954,-25.708572320518691],[28.193984007860042,-25.708426255069298],[28.192453617286567,-25.708273357281911],[28.190990479662897,-25.708120816716725],[28.189519028246917,-25.707974990259292],[28.186809447141275,-25.707712439040499]],[[28.193349402984143,-25.739538516434799],[28.192131728439172,-25.73930898884992],[28.1914763442566,-25.739182057148021],[28.191400501809699,-25.739167826351267],[28.191324351869859,-25.739154857449499],[28.191247994088176,-25.739143150995513],[28.19116117333057,-25.739131296142098],[28.191074142286212,-25.73912106475105],[28.190986801298305,-25.739112456268415],[28.190899350281196,-25.739105381543933],[28.190811788009093,-25.739100021090753],[28.190724016658834,-25.739096103584831],[28.190636233088444,-25.73909399115993],[28.190548439128257,-25.739093413045854],[28.189906389834245,-25.739116741196479],[28.187957619026413,-25.739186672776352],[28.187924838602257,-25.739185677684294],[28.18789217071458,-25.73918278775135],[28.187859813444632,-25.739178184602107],[28.187827667140439,-25.739171867681158],[28.187796131030051,-25.739163748954713],[28.1877652051148,-25.73915382842322],[28.187734987822019,-25.739142287156017],[28.18770557880601,-25.739129125709315],[28.18767707710731,-25.739114434895974],[28.187649582993519,-25.739098125015683],[28.187623395425014,-25.739080197736381],[28.187598312641128,-25.739061012973647],[28.18757453456217,-25.739040481583054],[28.187552259880874,-25.739018694933531],[28.187531487983374,-25.738995743282388],[28.187512318522529,-25.738971627186075],[28.187494750270371,-25.738946527158458],[28.187478882265651,-25.738920534012589],[28.187464713893831,-25.738893738005636],[28.187452544113153,-25.738866140805747],[28.187442072122039,-25.738838011515529],[28.187433697145199,-25.73880926210234],[28.187427118380928,-25.738780161668618],[28.187422535133873,-25.738750711326411],[28.187419945561199,-25.738721181845708],[28.187386358667926,-25.738460431774921],[28.187352150250724,-25.738062496483529],[28.187328848551125,-25.737805642521902],[28.187297981701782,-25.737497997624775],[28.187275802687996,-25.737269807472323],[28.187257230718409,-25.737092980970363],[28.187236256526095,-25.73688151459104],[28.187225447793526,-25.736726225022327],[28.18721436295613,-25.736611532888155],[28.187209503603423,-25.736550608209377],[28.187198556857901,-25.736415617352662],[28.18718633135834,-25.736274649556876],[28.187174123129378,-25.73613129267013],[28.187164433914319,-25.736005264426051],[28.187155928084934,-25.735898945654693],[28.187155308162886,-25.735796252404196],[28.187154689241961,-25.735693558255292],[28.187160676426082,-25.735588514489525],[28.187170579114117,-25.735489461468571],[28.187177742526114,-25.735405319470829],[28.187190216943019,-25.735315834824714],[28.187210705140597,-25.735210871056676],[28.187229835328655,-25.735111869509016],[28.187254190220926,-25.735020062854506],[28.187278491303243,-25.734936016456366],[28.187310990792543,-25.734809626040065],[28.187348706825997,-25.734691623700343],[28.187384982635816,-25.734591524527065],[28.187423895105795,-25.734491440049219],[28.187457416357159,-25.734408639180437],[28.187493504282546,-25.734336002365584],[28.187572290017659,-25.734188377284251],[28.187629624737983,-25.734093171138234],[28.187713601412366,-25.733957515425516],[28.187753539607225,-25.733900422938024],[28.18780810344084,-25.733824904143201],[28.187857342047252,-25.733757117106112],[28.187889256403736,-25.733716696019055],[28.187969010731301,-25.733620421462632],[28.188044711543768,-25.733538452157902],[28.188112422029718,-25.733468379695118],[28.188176144942798,-25.733403061543527],[28.188242508542405,-25.733337160554246],[28.188307492907271,-25.733280206555118],[28.188381745181044,-25.733217335255862],[28.188501054302932,-25.733120085700868],[28.188755555933987,-25.732916123402592],[28.188858963290187,-25.732830726406309],[28.188945116550212,-25.732762546977849],[28.189033967159915,-25.732685426899661],[28.18911092017753,-25.732613017109873],[28.189189312938357,-25.732522704969202],[28.189251871311914,-25.732434691144118],[28.189310562659834,-25.732333522016852],[28.189348036979979,-25.732250742650443],[28.18938422935026,-25.732162582952864],[28.18940985068652,-25.732077946854545],[28.1894275143916,-25.732000430424854],[28.189439937121936,-25.731918109168284],[28.189448438222005,-25.731830989523779],[28.189450299068412,-25.731750996883328],[28.189446785368535,-25.731685900663077],[28.18943682271637,-25.73159987243351],[28.189407546696948,-25.731445674269139],[28.189354209420458,-25.731146263448903],[28.189307167419653,-25.73089047065551],[28.189263946931096,-25.730654401999452],[28.189224506432662,-25.730444026159255],[28.189151898445857,-25.730070475704821],[28.189103547025656,-25.729813481395109],[28.189061604081839,-25.729583389577968],[28.189010852324607,-25.729291754451939],[28.188968966424035,-25.729053303920537],[28.188937250357508,-25.728870435342934],[28.188909302947458,-25.728715050299652],[28.188887711169212,-25.728576848261003],[28.188863609357693,-25.728455085774137],[28.18881153919509,-25.728163443212708],[28.18876076829687,-25.72787479276445],[28.188712377953287,-25.727623768776407],[28.188672773153407,-25.727437870388936],[28.188618964154372,-25.727208308949095],[28.188589618159494,-25.727064857461453],[28.188542234713005,-25.726859810337025],[28.188514101798734,-25.726731888536595],[28.188492299965517,-25.72664221184289],[28.188470401898865,-25.726566863417407],[28.188408478301561,-25.726367705975228],[28.18831434547312,-25.726065481474681],[28.188217549134276,-25.725753487650032],[28.188127221497837,-25.725466407319434],[28.188043328439349,-25.725202648115474],[28.187993014073605,-25.725041168412815],[28.187947882658541,-25.72489285224254],[28.187872844069982,-25.724684068331189],[28.187681579400937,-25.724119998685207],[28.1875020985091,-25.723567934104455],[28.187408332868401,-25.72328298413613],[28.18697302855475,-25.721795118166433],[28.186880512223645,-25.721509691917205],[28.186265393216786,-25.719611927852519],[28.186002926793066,-25.718791509113803],[28.185699737866365,-25.71782128484227],[28.185604869059755,-25.717517695064394],[28.185560980943837,-25.717377244924752],[28.185541284701355,-25.717305640597267],[28.185523552247744,-25.717233613991638],[28.185507794213695,-25.717161213005845],[28.185494021272813,-25.717088479219839],[28.185482242069067,-25.71701545961777],[28.185472462281904,-25.716942197556737],[28.185464689564974,-25.716868739112527],[28.185458927611091,-25.716795126728417],[28.185455180057712,-25.716721410970639],[28.185453448617181,-25.716647632465957],[28.185453735961357,-25.716573837262072],[28.185456041772973,-25.716500071389891],[28.185460363748316,-25.716426379966464],[28.185466697603268,-25.716352806292601],[28.185475043002238,-25.716279399106604],[28.185485393662361,-25.716206202600546],[28.185497740317942,-25.716133260047059],[28.185512079675263,-25.716060615654751],[28.185694565599889,-25.715441782614093],[28.185764559384445,-25.71522843542736],[28.18580360458942,-25.71510805222777],[28.185834647370939,-25.715001356518755],[28.18586188700327,-25.71487254924909],[28.1858866355714,-25.714722234368832],[28.185911758875012,-25.714516994559574],[28.185957765396555,-25.714148282658673],[28.185984189315445,-25.71394543836837],[28.186019074424905,-25.713661444026531],[28.186048440029158,-25.713413838885923],[28.186073594217259,-25.713203822597862],[28.186090409987493,-25.713057045775329],[28.186108572272218,-25.712906096509183],[28.18613923427786,-25.712661483466238],[28.186178332835713,-25.71233930263509],[28.186216226757455,-25.712000397930648],[28.186248352564327,-25.711734299299806],[28.186288995959075,-25.711378692768641],[28.186336520943957,-25.710980138116163],[28.186372835930527,-25.710679434402532],[28.186400868620709,-25.710433612390773],[28.186424675896205,-25.710227767472968],[28.186444183727826,-25.710072647448168],[28.186467954304074,-25.709872175506298],[28.186502796200024,-25.709594151333018],[28.186544552061356,-25.709268402627458],[28.186562644055968,-25.709127602595352],[28.186584868821914,-25.708960557134475],[28.186608337553448,-25.708804264106227],[28.1866709425463,-25.708513856668276],[28.186700822866957,-25.708383869672382],[28.186736129603833,-25.708231225985415],[28.186762152954397,-25.708086887710955],[28.186780001014814,-25.707981908811981],[28.186795529386192,-25.707830348915593],[28.186809447141275,-25.707712439040499]],[[28.186809447141275,-25.707712439040499],[28.18666172816565,-25.707698119263746],[28.186678387867634,-25.707556024979045],[28.186695229494084,-25.707405188177475],[28.186732043288984,-25.707108307699077],[28.186752135548119,-25.706944593506108],[28.186782317648678,-25.7066925733393],[28.186817934098759,-25.70641670236223],[28.186849978303478,-25.706200993485115],[28.186888376830598,-25.705981020024332],[28.186915911553211,-25.705808272499215],[28.186952707967823,-25.70551378007638],[28.186982746418423,-25.705282775245927],[28.187000595864486,-25.705138630463733],[28.187064237617122,-25.704617414412059],[28.18713669348163,-25.704040364466113],[28.187193686681617,-25.703566396847464],[28.187243957591249,-25.70315066205378],[28.18729966880672,-25.702710120559878],[28.187366950622614,-25.702118235139736],[28.187445440383105,-25.701428498401903],[28.187495871418832,-25.700988882234451],[28.187501483821418,-25.700938762063544],[28.187522922767702,-25.700731591048903],[28.187541832194693,-25.70058649703746],[28.187579620726623,-25.700300607032908],[28.187599694202749,-25.700139280719075],[28.187644398271964,-25.699766501101575],[28.187653497631139,-25.699668637179553],[28.187658304490334,-25.699581735853553],[28.187658771252138,-25.69951295903201],[28.187657130042425,-25.699444171369318],[28.187652389722423,-25.699365814169877],[28.187642540581876,-25.699263546476075],[28.187628418440589,-25.699169374812893],[28.187605891674878,-25.699070857215602],[28.187582335900675,-25.698968513153098],[28.187552408923864,-25.698872820992097],[28.187531744842282,-25.698810613837299],[28.187504792840919,-25.69874264010102],[28.187470558311077,-25.69866029692226],[28.187433147937725,-25.698579846854415],[28.187388382746793,-25.698495535063923],[28.18734774471654,-25.698424619260376],[28.187299772330693,-25.698346976070436],[28.187237130227555,-25.698255877200431],[28.187132652750286,-25.698114872030793],[28.18693311361109,-25.697843898678308],[28.186730461142307,-25.697565743718332],[28.186610303474897,-25.697405066908065],[28.186521513050071,-25.697283254255865],[28.18644003761694,-25.69717103373009],[28.186348112880502,-25.697044904379844],[28.186292806421068,-25.696960533445928],[28.186249019658543,-25.696887688958451],[28.186213628636583,-25.696820623755951],[28.186183527925639,-25.696750721393148],[28.186161770972522,-25.696694240394464],[28.186138005791793,-25.696622940943723],[28.186126737530657,-25.696572688685009],[28.186110377757032,-25.696499557651663],[28.186105313600162,-25.696443201396427],[28.186092743601129,-25.696301912308996],[28.186093230676725,-25.696230269819843],[28.186098071924633,-25.696138592127646],[28.186115686954139,-25.69602883613312],[28.186138547725836,-25.695922929235568],[28.186178445453127,-25.695792281313842],[28.186236728175444,-25.69559391328551],[28.18627420423261,-25.695463802404316],[28.186301741316743,-25.695367952216316],[28.186323589134293,-25.69527135361005],[28.186340858860657,-25.695173655355966],[28.186350921872187,-25.695089171654324],[28.18635851075835,-25.69501971877774],[28.186363013717042,-25.69493878559226],[28.186366314082782,-25.694802321008542],[28.186367796606621,-25.694584172202674],[28.186372356924007,-25.694262155158675],[28.186373822362008,-25.694046513679968],[28.186376936842983,-25.693820850736756],[28.186381728435823,-25.693697577910317],[28.186386765219773,-25.693654619408974],[28.186392840238149,-25.693575127411737],[28.186401267606438,-25.693498515211907],[28.186408868994228,-25.693427199406816],[28.186421163436293,-25.693363504305417],[28.186435857907892,-25.693295524381266],[28.186450582568284,-25.693223245511504],[28.18646842809569,-25.693157002623266],[28.186486325228191,-25.693083308105763],[28.186509785143077,-25.693005346403417],[28.186535656788195,-25.692921666600029],[28.186556762841061,-25.692841184319374],[28.186576177471505,-25.692776813142405],[28.186606793658399,-25.692693159783193],[28.186639824427242,-25.692603071664546],[28.186670318859832,-25.692537328921912],[28.186704773258533,-25.69247053324991],[28.186796172532564,-25.692285483345344],[28.186942065487784,-25.691993629417443],[28.187083969032031,-25.691706910575011],[28.18714332539707,-25.691582580652284],[28.18717224327667,-25.691516112330035],[28.187209222069484,-25.69142676272542],[28.187241476663608,-25.691334521009537],[28.187272896511484,-25.691248722851704],[28.187300368520351,-25.691162186018673],[28.187314165778439,-25.691109890073523],[28.187337640314539,-25.691029779176088],[28.187353954695727,-25.690956076599125],[28.187369512165496,-25.690877354019175],[28.187383503338644,-25.690796473604429],[28.187395932084552,-25.690712718707506],[28.187408497419973,-25.69060883283861],[28.187416129088941,-25.69053293186743],[28.187420564007653,-25.690462028868868],[28.187425085432857,-25.690378229912284],[28.187426403823451,-25.690300502995331],[28.187425890001922,-25.690259662612032],[28.187424873074551,-25.690176549468244],[28.187420673010564,-25.690096284365463],[28.187414092456613,-25.690017438436339],[28.187402660035833,-25.689931043154576],[28.187391436066918,-25.689837125808378],[28.187375435543935,-25.689748197632809],[28.187351704294848,-25.689633076071519],[28.187314009929807,-25.689478472523177],[28.187276129903246,-25.689351092344143],[28.187235802833694,-25.689234803286251],[28.187200859517962,-25.689140754653806],[28.187165838941944,-25.68905809647557],[28.187144826725678,-25.689008544529369],[28.187103558222628,-25.688914459722092],[28.187061484273951,-25.688822520422779],[28.187015467536462,-25.688729126699577],[28.186972525985968,-25.688648644738649],[28.18692725552614,-25.688561702465613],[28.186860084922532,-25.68843953302239],[28.186729102902923,-25.688213122291671],[28.186673573403656,-25.688123256966527],[28.18661175376252,-25.688028341663912],[28.186524030056088,-25.687905626915533],[28.1864590032176,-25.687817140981959],[28.186372754066987,-25.687710267891944],[28.186261351515515,-25.687581403233949],[28.186179734178292,-25.687491033855718],[28.186029017890053,-25.687329708580165],[28.185922229000045,-25.687220213174321],[28.185827956830494,-25.687130489648894],[28.185577354971105,-25.686891231338937],[28.185320449382871,-25.686648927211397],[28.18520966925611,-25.686545140557758],[28.185109158262311,-25.686442843625265],[28.185018857865202,-25.686350634336826],[28.184873194488677,-25.686190984287315],[28.184784536211829,-25.686089828372168],[28.184717091168647,-25.686008493058822],[28.184641027398047,-25.685915646439579],[28.184565954470198,-25.685816716337204],[28.184499325011316,-25.685731803039754],[28.18443589236735,-25.685641892703842],[28.184359140606439,-25.685533996547761],[28.184296535653623,-25.685438717564264],[28.184226100511793,-25.685332289999483],[28.184172936108279,-25.685243869409899],[28.184114284901533,-25.685148612461344],[28.184064240283142,-25.68506665840497],[28.183987674690627,-25.68493153777985],[28.183928315866837,-25.684824097930452],[28.183851784746285,-25.684683962546444],[28.18376587212239,-25.684528371651801],[28.183725261922646,-25.684454350023497],[28.183679199577405,-25.684368119005487],[28.183630136889569,-25.684258228307737],[28.183583419081963,-25.68415229149652],[28.183539949346656,-25.684033834741385],[28.183491131097401,-25.683888122716219],[28.183460339943277,-25.683765438685246],[28.183437424902884,-25.68364745527952],[28.183416879107234,-25.683529842563093],[28.183402664704605,-25.683411191181023],[28.183394218125454,-25.683293657015184],[28.183389210789461,-25.683181137123778],[28.183389374735896,-25.68304107334977],[28.183400595722812,-25.682902862236347],[28.183418961853953,-25.682760391997146],[28.183435468795373,-25.682658606271314],[28.183458138317349,-25.68254195209445],[28.183489480965811,-25.682428928899228],[28.183541308715402,-25.682270828623764],[28.18356006188943,-25.682215047772448],[28.183628588932692,-25.682049060060752],[28.183700968160647,-25.681896595056362],[28.183774031245502,-25.681754841460542],[28.18381944290207,-25.681665539768449],[28.183832741718458,-25.681647702835829],[28.18384264257385,-25.681639411818029],[28.183851761387523,-25.681635522951417],[28.183862487853453,-25.681633540357229],[28.18387435498985,-25.681632413496235],[28.183885559676707,-25.681631878649135],[28.183966943094322,-25.681672705680327],[28.183973500152884,-25.681683118725047],[28.183976005570006,-25.681702238218595],[28.183967285966379,-25.681724876470781],[28.183863008594884,-25.681876275015405],[28.183807760564996,-25.681965122736045],[28.183721413914874,-25.682118358095323],[28.183646636469803,-25.682272357654302],[28.183626740296965,-25.682320320059407],[28.183595154088245,-25.682391787716469],[28.183573536022067,-25.682470236850783],[28.183539616459299,-25.682574648314223],[28.183514381261361,-25.682681042656824],[28.183493843850144,-25.682794126327863],[28.183473343028389,-25.682901836078244],[28.183458857063592,-25.68305507447479],[28.183457105113575,-25.683196204366428],[28.183460952238441,-25.683327693261532],[28.183469668167838,-25.683440940647856],[28.183492403512123,-25.683585431698823],[28.183514531155712,-25.683703052355977],[28.183546897229515,-25.683826462763683],[28.183577045540389,-25.683927291977604],[28.183618968687576,-25.684040725186442],[28.183661004215892,-25.684137680124181],[28.183710098619105,-25.684242914443292],[28.183767839579478,-25.684355719447939],[28.183822417106889,-25.684468506731335],[28.183884016522697,-25.684595303821638],[28.183950282741826,-25.684733231760163],[28.184005667128538,-25.684843874383134],[28.184027091981584,-25.68488359427905],[28.18407202002258,-25.68496926464486],[28.18412119563197,-25.685062677843884],[28.184179066667248,-25.685156497990477],[28.184228354665731,-25.685233432895838],[28.184311226341322,-25.685371453531985],[28.184398136041228,-25.685496959494721],[28.184460743545056,-25.685591880115421],[28.184549281683651,-25.685710588538814],[28.184616648412803,-25.685803386592291],[28.18469568459583,-25.685900907286339],[28.184785857629073,-25.686011743147571],[28.184841227933315,-25.686078108923102],[28.184931450973878,-25.68618178189115],[28.185046837422629,-25.686305654913546],[28.185166167851765,-25.686430983216848],[28.185293415276178,-25.686554922302932],[28.185560391447638,-25.686806320502065],[28.185870832824822,-25.687104220303326],[28.186042077372292,-25.687269600164857],[28.186147270994383,-25.687381236593275],[28.186250083359454,-25.687494292100183],[28.186370911869428,-25.687632165004903],[28.186460307559393,-25.687741563085893],[28.186529316105553,-25.687825772109374],[28.1866514886642,-25.687998759162994],[28.186720376861938,-25.688100877848075],[28.186797802607042,-25.688226400846514],[28.186857255618921,-25.688320587112486],[28.186888478363638,-25.688380225781287],[28.186905277578013,-25.688404847756903],[28.186956123107784,-25.688502398757745],[28.187000617244287,-25.68858718758953],[28.187052910596542,-25.688687781189753],[28.187102842011871,-25.688786929172053],[28.187155829193337,-25.688901855480172],[28.187208807741985,-25.689018215060081],[28.187250021399045,-25.689120251495662],[28.187291949735293,-25.689233682794764],[28.187326834800384,-25.689336329310368],[28.18736008947301,-25.689446130721088],[28.187387072318149,-25.689548016525968],[28.187406280260149,-25.689630514350835],[28.187426184346531,-25.689726987495312],[28.187446031569749,-25.689831698408156],[28.187454970320601,-25.689912706580731],[28.187464123367782,-25.689985476954941],[28.187470719531518,-25.690062173863947],[28.187474942939453,-25.690138856651679],[28.187479143040505,-25.690219121753341],[28.187478591303542,-25.690300435387577],[28.187478445308852,-25.690380676277009],[28.187475028545304,-25.690475944489823],[28.187469739535029,-25.690556156727016],[28.187461317484111,-25.690632124604228],[28.187449586353768,-25.69072949650289],[28.187437172232165,-25.690811101478207],[28.187419950312183,-25.690901994562992],[28.187405211977364,-25.690976422598698],[28.187386516106901,-25.691051545252265],[28.187371817621798,-25.691120241954884],[28.187344394298833,-25.69119961418621],[28.187320933825792,-25.691277648263849],[28.187291910114595,-25.691359877339764],[28.187258084406793,-25.691450677876347],[28.18722832802969,-25.691524305529843],[28.187193769654602,-25.691606503738857],[28.187154442303456,-25.691692258706386],[28.187117608296901,-25.691760115339399],[28.18696767678999,-25.69206469987374],[28.186843438659796,-25.692311538842464],[28.186744885051844,-25.692502280432418],[28.186700005463834,-25.692590510832797],[28.186672732185762,-25.692647675125198],[28.186653458761835,-25.692691270019122],[28.186620759000689,-25.692777062678765],[28.186593035379911,-25.692856073822874],[28.186564756897713,-25.692944755092839],[28.186532384499447,-25.693054190606009],[28.18650801682535,-25.693149341889839],[28.186474535990214,-25.693305483762202],[28.186454717170598,-25.693429318140161],[28.186441262820754,-25.693547456468561],[28.186432630014579,-25.69365415859621],[28.186429473918775,-25.693769559898524],[28.186429033220193,-25.693950817825382],[28.186424636181279,-25.694248834610171],[28.186421627706867,-25.694575158524241],[28.186418750636356,-25.694882139415444],[28.186414811294597,-25.694996390018964],[28.186406232871175,-25.695095211775751],[28.186392889225711,-25.695196871816258],[28.186370111760009,-25.695313883991915],[28.186340003241654,-25.695439093340688],[28.18630681071669,-25.695552823285141],[28.186258298284237,-25.695709811756519],[28.186176442957919,-25.696002739683298],[28.186158486709271,-25.696085030206554],[28.186147603270154,-25.696173808410677],[28.186145608947218,-25.696257908373212],[28.186145804730337,-25.696345315066846],[28.186148612049479,-25.696397631301629],[28.18616595283563,-25.696505532556074],[28.186178486637736,-25.69656174365474],[28.186196989799139,-25.696631580398215],[28.18624876955764,-25.696769426402028],[28.186321628094792,-25.696908345858819],[28.186392593115585,-25.697015731223178],[28.186477211813457,-25.697130834179379],[28.186607791583086,-25.697309240436276],[28.186693459156849,-25.697425304979546],[28.186763428258008,-25.697524086394861],[28.186853267574097,-25.697646860611467],[28.186968163712713,-25.697806074555029],[28.187085162602159,-25.697966255088645],[28.187219928614901,-25.698149460734946],[28.187305583407738,-25.698267434769374],[28.187350471662583,-25.698333598585386],[28.187396375038226,-25.69840549868595],[28.187447439099099,-25.698493667203667],[28.187495281967443,-25.698590414169203],[28.187543035131817,-25.69870053542515],[28.187584519883302,-25.698802024427199],[28.187619608537105,-25.69891398501322],[28.187647361794529,-25.699019218226212],[28.187667858424494,-25.699106260519127],[28.187681090914044,-25.699176068614996],[28.187694174327941,-25.699267846193944],[28.187702038718651,-25.699351952339633],[28.187707865460023,-25.699425539905658],[28.187709481761907,-25.699498149060396],[28.187709008555398,-25.699567879900616],[28.187704278520087,-25.699643319473235],[28.187699458723507,-25.699732131543808],[28.187689341071405,-25.699824734828368],[28.187677043115681,-25.699927834997137],[28.187655818556355,-25.700103483773283],[28.187629088588672,-25.700313492028233],[28.18761250224815,-25.700427075517783],[28.187593450295569,-25.700593185006717],[28.187578843187111,-25.700725884053238],[28.187556511437638,-25.700909169881598],[28.187537433382762,-25.701079099028675],[28.18751387890082,-25.701287214105815],[28.187492595435383,-25.70147146070401],[28.187462241374572,-25.701749272225165],[28.18743090998241,-25.702015614295632],[28.187399514569886,-25.702291509160407],[28.187360348781823,-25.702624676105202],[28.187325705646519,-25.702912971763816],[28.187263146123627,-25.703430372491276],[28.187185051056773,-25.704061745979139],[28.187167188062986,-25.704207800647723],[28.187100234705369,-25.704750969521214],[28.187035516276204,-25.705275522824206],[28.187023301427509,-25.705366204370254],[28.187003313699783,-25.705514635429385],[28.186985418760571,-25.705665466443371],[28.186976289053998,-25.705767628259018],[28.186973267012803,-25.7059286784501],[28.186974586773015,-25.706173316862532],[28.186972484575278,-25.706327579174062],[28.186966524404497,-25.706428803698731],[28.186956321089255,-25.70653382528273],[28.186938490810068,-25.706675103463322],[28.186921810584654,-25.706802251464318],[28.186892864543296,-25.707027530781566],[28.186848203449415,-25.707393145078548],[28.186826945811937,-25.707573093332144],[28.186809455602162,-25.70771236687936],[28.186809447141275,-25.707712439040499]]]},"properties":{"OBJECTID":9,"Route_Type":"Complementary Route","Route_Code":"Line 1A - C03","Route_Description":"Bloed Mall Complementary","Shape.STLength()":17279.510433916948}},{"type":"Feature","id":10,"geometry":{"type":"MultiLineString","coordinates":[[[28.202650875845592,-25.752949272859631],[28.202909873021333,-25.753062336334992],[28.203477812407765,-25.753312617074194],[28.204089063179101,-25.753596146828034],[28.204366333487314,-25.753734801603123],[28.204780547858945,-25.753904234298499],[28.205444535469081,-25.754186673614335],[28.205823200811349,-25.754348744540902],[28.206713133192665,-25.754719817395678],[28.207045270340888,-25.754859899747849],[28.207621970651267,-25.755104121530035],[28.207819926665127,-25.75519740486525],[28.207887720079007,-25.755234311911888],[28.207958554406332,-25.755289863355348],[28.208025360730151,-25.755356139225462],[28.208088856381941,-25.755444607368204],[28.208139827401777,-25.755512946149565],[28.208248789445893,-25.755629032883288],[28.208335813699662,-25.755727285800106],[28.208459773899676,-25.7558704001897],[28.208498868787558,-25.755915536097888],[28.208541254886971,-25.755965328355185],[28.208603539968255,-25.756038497827294],[28.208680142741176,-25.756118916260352],[28.208785001112425,-25.756216242295825],[28.208834857227615,-25.756258303668083],[28.208874211951233,-25.75629074038731],[28.208921709582686,-25.756327734347625],[28.208963427685539,-25.756364516370944],[28.209009539252172,-25.756410941274037],[28.209063961479195,-25.756456014084719],[28.20912693893035,-25.756503442203204],[28.209184720745494,-25.756539101036019],[28.209242520584461,-25.756571893282523],[28.209303478596667,-25.756605658513223],[28.209368692059428,-25.756634092597313],[28.20942328055234,-25.756654091915049],[28.209481817004267,-25.756675305888006],[28.209540357433443,-25.756695922337276],[28.209590362955179,-25.756711120144356],[28.209644442424544,-25.756724761400761],[28.209700459000096,-25.756739687625497],[28.209781277381918,-25.756753351220976],[28.209934753177897,-25.756774483666007],[28.210147522235218,-25.756801907445272],[28.210291771807331,-25.756822392842089],[28.210577003298226,-25.756858925452075],[28.210949844890038,-25.756906917915426],[28.211652025532533,-25.757001471197938],[28.212056467217348,-25.75705655851414],[28.212422018834193,-25.757110478482506],[28.212821821447019,-25.757169358398979],[28.213147932279163,-25.757205749591815],[28.213458188416656,-25.757246830069029],[28.213882409452538,-25.757302138340187],[28.214686152199825,-25.757392807189351],[28.215491130965294,-25.757496254613141],[28.215994391254029,-25.75756344569562],[28.216710439220837,-25.757655959860532],[28.21706614895891,-25.757703247945507],[28.217772978122451,-25.757794214429676],[28.218133955461777,-25.757842722364483],[28.218212990041874,-25.757855087323801],[28.218276229445003,-25.757863188379975],[28.218328924729772,-25.757870635273459],[28.218373072874822,-25.757874454733699],[28.218414599398567,-25.757875871820353],[28.218460767985476,-25.757873134765955],[28.218495062090255,-25.757871527195363],[28.218566337348715,-25.757860566779865],[28.218630412430308,-25.757841805304714],[28.21866410531478,-25.757831239748686],[28.21871433525985,-25.757812403930657],[28.218759942672982,-25.757794737432739],[28.218810192118937,-25.757772916779356],[28.218847240633547,-25.757753413564348],[28.219376756386922,-25.757435645722733],[28.219985735620753,-25.757063971287238],[28.220431879199136,-25.756791426276621],[28.220686044369447,-25.756638752405422],[28.221046144908261,-25.756417089415457],[28.221217592064253,-25.756311137512164],[28.221571056725328,-25.756095706260957],[28.221846555937251,-25.755929839990387],[28.22199772671442,-25.7558428245922],[28.222035642636531,-25.755821274461518],[28.222074546992381,-25.755800993246332],[28.222114238682668,-25.755782250652395],[28.22215491645655,-25.755765138001248],[28.222196182819363,-25.755749472647892],[28.222238235932448,-25.755735436171118],[28.22230433055595,-25.755722046196517],[28.222376032538289,-25.755721226909348],[28.2232917514362,-25.755785030538306],[28.224110075044603,-25.755841370207865],[28.224736373184324,-25.755908610815926],[28.225213468063949,-25.755959800821095],[28.225263638002119,-25.755524290796981],[28.225277758884481,-25.75548320721213],[28.225320020156659,-25.755414437964152],[28.225359957437735,-25.755355901791354],[28.225402634561483,-25.75530167928402],[28.225436895312509,-25.755259765022245],[28.225463638173867,-25.75522425444608],[28.22549196926045,-25.75518974517723],[28.226282710578904,-25.754335578605488],[28.227528542295591,-25.75294241890369],[28.228160947676894,-25.752242739490249],[28.228433062668895,-25.75195384901663],[28.228697433634299,-25.751698982176791],[28.229099365658119,-25.75138012010402],[28.229188222950381,-25.751330804640801],[28.229279360557953,-25.751286741713912],[28.229371051790476,-25.751246611599118],[28.229462602637085,-25.751228229844539],[28.229511850855335,-25.7512190573213],[28.229570336608354,-25.751213077428989],[28.229623590228623,-25.751210738920204],[28.229686708759502,-25.751204259980305],[28.229745197874905,-25.751197756524519],[28.229807734958538,-25.751191798869506],[28.229918950302068,-25.751175093173739],[28.230011629402739,-25.751161171392532],[28.230091014514315,-25.751144820756064],[28.23016520903559,-25.75112582237244],[28.230242884970107,-25.751105270919506],[28.230459113591703,-25.751046407741125],[28.23061504866272,-25.751004783143696],[28.230684077230926,-25.750991666550625],[28.230759799950786,-25.750979402145624],[28.230835759510779,-25.750968740173072],[28.230962029953258,-25.750950540859638],[28.231059336491139,-25.750936904600298],[28.231207565409502,-25.750923538040116],[28.232645982075596,-25.750831635643106],[28.235649300029696,-25.750572071792167],[28.237620591871583,-25.750436003304074],[28.237499681397836,-25.748970801862313],[28.237435478143784,-25.748286831855918],[28.237422128747703,-25.747571293156657],[28.237409048846072,-25.747521167027834],[28.237372224592342,-25.747485437682695],[28.237305504853751,-25.747473599896512],[28.237156380142867,-25.747481920692259],[28.236387296318824,-25.747524913932875],[28.235024686691741,-25.747609218218898],[28.233897168921882,-25.747701450312796],[28.232618725637561,-25.74779791946878],[28.232570686631764,-25.747826227464213],[28.232524047808951,-25.747881072202862],[28.232518315772168,-25.747943781197989],[28.232601298034513,-25.748851515681608],[28.232646899295432,-25.74978455345439],[28.232693263967729,-25.75065516193165],[28.23267990780613,-25.750685215096475],[28.232659969371973,-25.750710185303028],[28.232637448518798,-25.750726783774095],[28.232604417582145,-25.750737356120258],[28.232196777651691,-25.750771029860054],[28.231617660423112,-25.750815737357517],[28.231115160151109,-25.75083816105094],[28.231046568482892,-25.750842574533717],[28.230971360956687,-25.750850536385599],[28.230897472980025,-25.750858504265405],[28.230769442578154,-25.750879321710141],[28.230521207370966,-25.750934131416045],[28.230107831253758,-25.751039413225794],[28.230036541736055,-25.751053365134531],[28.229950709571224,-25.751073209930475],[28.229876774203408,-25.751088341914198],[28.229809493213072,-25.751093956791262],[28.229743569284494,-25.751093608085394],[28.229682911887821,-25.751094481356628],[28.229606509813991,-25.751083330745622],[28.229538048922091,-25.751067445528939],[28.229461716222342,-25.751045547895487],[28.229414258841423,-25.751044102612759],[28.229368041973732,-25.751054604437051],[28.229316321690629,-25.751100899692847],[28.229053813966242,-25.751323995978058],[28.228671951331641,-25.751653328848946],[28.228543275660105,-25.751773846195636],[28.228441096365511,-25.751874800871093],[28.228334907187669,-25.751984092336897],[28.228220722507515,-25.752106476943272],[28.228054684102126,-25.752295454198478],[28.227752057356771,-25.752604905895602],[28.227461189962046,-25.752930538923341],[28.227099958115858,-25.753330426947059],[28.226486321064428,-25.754020327562042],[28.225992294672334,-25.754563989616539],[28.225786461087587,-25.754788575078578],[28.225439802906507,-25.755175999014707],[28.225268513356188,-25.755360168346751],[28.225232564388904,-25.755413709948755],[28.225211219769196,-25.755451807185079],[28.225191139505213,-25.755498269255476],[28.225176325906112,-25.755545952592527],[28.225162737911667,-25.755607972184251],[28.225155800058758,-25.755661071533197],[28.225139636812337,-25.755713525162694],[28.225112995427448,-25.755755175722694],[28.225075890398401,-25.755783635898364],[28.225021614426662,-25.755816781244242],[28.22492650904254,-25.755842544351708],[28.224840696895711,-25.755858804622115],[28.224741729645309,-25.755870218216156],[28.224173784277841,-25.755814653269617],[28.223351613660085,-25.755719521211972],[28.222832394083575,-25.755673763215569],[28.22227627152537,-25.755625419770958],[28.222197166931878,-25.755623803052227],[28.222123353321145,-25.755619826271115],[28.222058745619915,-25.755619481073815],[28.222007315200933,-25.755620400405864],[28.221941318869042,-25.755630794129072],[28.221814600591909,-25.75565161057872],[28.221757810125748,-25.755665635853756],[28.221695769569322,-25.755676050609381],[28.22162838452223,-25.755697183158198],[28.221595242305519,-25.75572447037699],[28.221573959759045,-25.755753014237879],[28.221545981964283,-25.755797045265101],[28.221521929833063,-25.755845872949291],[28.22150588175527,-25.755880415506368],[28.221468332062944,-25.75597693495488],[28.221452229452339,-25.756019835317176],[28.221436173549115,-25.756055571064316],[28.221420140990329,-25.756087725405457],[28.2214014945611,-25.756116283334872],[28.221380218687088,-25.756143633055782],[28.221353665456338,-25.75617155207263],[28.221320515261969,-25.756200032422143],[28.22128208281427,-25.756229678654769],[28.221237058280884,-25.756259289616274],[28.221182780066954,-25.756292433493918],[28.221086145604222,-25.756350425963568],[28.220804160147932,-25.756523251207852],[28.22066512995071,-25.756612062410589],[28.220410960910982,-25.756765333748657],[28.220270642719868,-25.756849361090865],[28.219929086936958,-25.75705768802959],[28.219011663507349,-25.757614579148044],[28.218854083998355,-25.757716424627343],[28.218817035496464,-25.757735927844468],[28.218782660394794,-25.757750072205081],[28.218742994146275,-25.757766576449708],[28.218708625845142,-25.757779526685937],[28.218671620279157,-25.757792462760282],[28.218589815574717,-25.757800381807321],[28.218522491333257,-25.757811960966265],[28.218453880709262,-25.757818757518876],[28.21836024739784,-25.757820643124298],[28.218248241276218,-25.757809295344508],[28.217858170109892,-25.75777376606295],[28.217689552140705,-25.757748978132774],[28.216806839100027,-25.757635572410937],[28.215822692867796,-25.757507285337443],[28.215104682901064,-25.757412666730424],[28.214729196592675,-25.757365267209735],[28.214614601207494,-25.75734673782669],[28.214411749565294,-25.757314598391346],[28.214040273997039,-25.757258978892605],[28.21388746439602,-25.757236661111222],[28.213770288077523,-25.757209759038741],[28.21362275308579,-25.757187468563465],[28.213471262286674,-25.757165157471299],[28.213128737086599,-25.757118528531258],[28.212485825213111,-25.757033856083691],[28.212393606675501,-25.757021415808932],[28.212326384757958,-25.757017470612986],[28.212238050200046,-25.75701579853132],[28.212136562977758,-25.757009278652315],[28.212023184563758,-25.757006276769914],[28.211921712126973,-25.756997369440239],[28.21181629173719,-25.756987246524936],[28.211701665699664,-25.756973490361215],[28.211061393028992,-25.756888825942461],[28.210519941450187,-25.756815440999848],[28.209963962135859,-25.756745556743304],[28.209840145792537,-25.756725779444775],[28.209763742277971,-25.756714618388614],[28.209705789476299,-25.756704751589787],[28.209646550686436,-25.756690101220602],[28.209582061173418,-25.756671839896487],[28.209514966072177,-25.756648788733418],[28.209459695037566,-25.756632368168319],[28.209387357161376,-25.756604511913192],[28.209330825856355,-25.756579129748406],[28.209267742053978,-25.756547741266605],[28.209204697830497,-25.756510382265308],[28.209146935995371,-25.756471858692457],[28.209080977178054,-25.756418892271707],[28.209028908703349,-25.756374497472034],[28.208954209572433,-25.756303810577116],[28.208893554616115,-25.756224195607125],[28.208847567276905,-25.756159943162555],[28.208789098399855,-25.756068876090211],[28.208659356853239,-25.755908739081466],[28.208558195807747,-25.755773498529354],[28.208469507545438,-25.755666266643967],[28.208375334162994,-25.755551124270415],[28.208285802615482,-25.755451768302731],[28.20824498319627,-25.755403544187569],[28.208212752733679,-25.755372562227965],[28.208174867168438,-25.755336138411309],[28.208137841511896,-25.755313281749018],[28.208099609686169,-25.755291952939313],[28.208060470692189,-25.755272153607585],[28.208020324263071,-25.755253973467823],[28.207979169798964,-25.755237502776062],[28.207939370494394,-25.755200203796978],[28.207900295391099,-25.755179646585468],[28.20786084505254,-25.755163669828814],[28.207586237410283,-25.755056859107487],[28.207310105636846,-25.75494144139812],[28.207060827297223,-25.754832975937518],[28.20673341253384,-25.754696501774646],[28.206367369916084,-25.754539397694572],[28.205991042321276,-25.7543825940506],[28.205837992029011,-25.75431799597597],[28.205688878593776,-25.754256285881254],[28.205396211117982,-25.754129669684342],[28.205015167666573,-25.753968539632691],[28.204532509860712,-25.753770198856682],[28.20437855988245,-25.75370369708823],[28.204121229888308,-25.753573504906004],[28.203822045799697,-25.753444292904014],[28.203513858728602,-25.753293493185463],[28.203094350592746,-25.753100662340746],[28.202937447243382,-25.753035187217566],[28.202673488861041,-25.752919544971615],[28.20222114924535,-25.752734375464009],[28.202146147451842,-25.752711276734122],[28.202047436408257,-25.752684466516282],[28.201943443163408,-25.752658821421807],[28.2017720769663,-25.752617230742999],[28.201561678032512,-25.752567544322652],[28.201440176372966,-25.752535620048103],[28.201342334359474,-25.752497244587193],[28.201199237744227,-25.752434766870252],[28.201062498895947,-25.752372322997019],[28.200707303061222,-25.752183348455272],[28.200468393501218,-25.752098353087462],[28.200201693607191,-25.751994198627834],[28.199840566860427,-25.751857762303484],[28.1994977631735,-25.751737785464428],[28.199417797081786,-25.751707852446945],[28.199377833062101,-25.751690198984786],[28.199316815399978,-25.751665982467614],[28.199253948183383,-25.751642471516337],[28.199203176464998,-25.751624042810157],[28.199160817689467,-25.751609481064904],[28.199120290288786,-25.751597078472155],[28.199073696741621,-25.751584881690842],[28.199020516846094,-25.751571692810575],[28.198965217463599,-25.751559925580924],[28.198922278657733,-25.751553241181103],[28.19887483934874,-25.751549159477779],[28.198824504434292,-25.75154422601889],[28.198757026320845,-25.751539794829714],[28.198681371185216,-25.751535556896652],[28.198598336153253,-25.751530801734539],[28.198527184141913,-25.751523722749052],[28.198487387261206,-25.751520399650026],[28.198396493835119,-25.751507719609553],[28.198327746906781,-25.751495878108461],[28.198266752552779,-25.751467346854579],[28.198270351091207,-25.751482260477477],[28.198228229948796,-25.751471520479495],[28.198172702862795,-25.751454497660188],[28.198096682543298,-25.75142613812595],[28.198040123506107,-25.751405766341723],[28.197999634789458,-25.751387632140652],[28.197947101816819,-25.751356655278716],[28.197841072142378,-25.751281203216966],[28.197799904460876,-25.751246348159519],[28.197770547598022,-25.751219917143366],[28.197727088782344,-25.751172870656255],[28.197687855375587,-25.751125010727691],[28.197658568967242,-25.751087952860932],[28.197626963342461,-25.751042881559069],[28.197601914259323,-25.751001011799985],[28.197574964715567,-25.750958226255658],[28.197553723224161,-25.7509148322189],[28.197536051139362,-25.750876285859306],[28.197503439988786,-25.750784640225493],[28.197451907424853,-25.750586760740244],[28.197414529570516,-25.750428049070731],[28.197390877727738,-25.750334464361913],[28.197366038982793,-25.750276309199645],[28.197348015121953,-25.750251717788252],[28.197334266331822,-25.750236117275158],[28.197319415188606,-25.75022141328472],[28.197284126946514,-25.750192696586986],[28.197263587759444,-25.750179044355768],[28.197241942580312,-25.75016683018524],[28.197219491003533,-25.750155965466522],[28.197196231815159,-25.750146630712653],[28.197172264677196,-25.750138826472696],[28.197147788307493,-25.750132644101953],[28.197122902974606,-25.750127993892971],[28.197097607464059,-25.750125056358907],[28.196741965161635,-25.75009450149885],[28.196505677317521,-25.750097150368582],[28.196195612846804,-25.750082712474438],[28.195737069981302,-25.750109063797755],[28.195405351957199,-25.750128081350624],[28.195290558768022,-25.750139541863938],[28.195175952719858,-25.750152808520912],[28.19506173434953,-25.750167701910414],[28.194947703718711,-25.750184311187912],[28.194834060756392,-25.750202547199184],[28.194720705186786,-25.750222499650544],[28.194607736667805,-25.750244169093737],[28.194495255466244,-25.750267465824216],[28.194383061643364,-25.750292478996862],[28.193879092304201,-25.750418851969233],[28.193799294398044,-25.750428429047361],[28.193719308122947,-25.750436380358657],[28.193638935375287,-25.750442524285873],[28.193558574200626,-25.750446953292869],[28.193478124939585,-25.750449666827738],[28.19339748793276,-25.750450664338381],[28.193316962172226,-25.750449947480909],[28.193249102742087,-25.750447946855029],[28.193181051916294,-25.750444771757309],[28.193113308620926,-25.75044033469219],[28.193045573869554,-25.750434634003245],[28.192430132782441,-25.75039042460428],[28.192316956147163,-25.750383839733441],[28.192203568601983,-25.75037896854424],[28.192090170688751,-25.750375631628845],[28.191976662129672,-25.750373918690673],[28.191863142582886,-25.750373830282474],[28.191749612043772,-25.750375366404057],[28.19163617017044,-25.750378527608628],[28.191522816958262,-25.750383313896233],[28.1914095524026,-25.750389725266956],[28.191296376498848,-25.750397761720919],[28.19085655737117,-25.75044053866451],[28.188629247334699,-25.75066021142775],[28.188558072151022,-25.750646307420894],[28.188513266331356,-25.750614429753977],[28.188479487941855,-25.750579135816281],[28.188456786097532,-25.750543903603543],[28.188431736110964,-25.750471420669147]],[[28.196775918458989,-25.750248474742659],[28.196522566777094,-25.750268105803574],[28.195756528244615,-25.750327600520031],[28.19509579812097,-25.750378015512101],[28.194992975769303,-25.750387827014894],[28.194890341167682,-25.75039935442296],[28.194787993366045,-25.75041268854433],[28.194685933577045,-25.750427648866221],[28.194584161187873,-25.750444325645756],[28.194482775857136,-25.750462719434733],[28.194381777580581,-25.750482830233871],[28.194251740823884,-25.750508195882681],[28.194121316326303,-25.750531934588434],[28.193990504092984,-25.750554046350207],[28.193859403792089,-25.750574531718875],[28.193728115091865,-25.750593391245634],[28.193596438671619,-25.750610623826251],[28.193464374536628,-25.750626229459769],[28.193332321953907,-25.750640120097156],[28.193235768003909,-25.750636696859722],[28.193139322871261,-25.750631920261615],[28.193042987778934,-25.750625609789939],[28.192946762730617,-25.750617765444957],[28.192882257363721,-25.750606125418496],[28.192817541703615,-25.750596108877534],[28.192752616967891,-25.750587535308519],[28.192687381660889,-25.750580674928386],[28.192621936053012,-25.750575438032602],[28.192556380414821,-25.75057173491696],[28.192490813186161,-25.750569746647031],[28.192425135921955,-25.750569292156865],[28.192359447672217,-25.750570462255617],[28.192293748434281,-25.750573256943202],[28.190878616265515,-25.750700519633032],[28.188937005416278,-25.750774048630337],[28.188614056915487,-25.7508001903173],[28.188549994167481,-25.750797684244549],[28.188501830817994,-25.750783803742273],[28.188466392841026,-25.750759963561709],[28.188421764181872,-25.750726799747792],[28.188401953632056,-25.750696557865417],[28.188387536077371,-25.75065795367286],[28.188382804448018,-25.750487608646218],[28.188369860188232,-25.750348519077214],[28.188357439588273,-25.750145726070329],[28.188328882798594,-25.749807765530832],[28.188302407948555,-25.749512802868459],[28.188285920285196,-25.749261598818187],[28.188222621238001,-25.748564867114833],[28.188191790536504,-25.748212565049148],[28.188168582227195,-25.748054265952131],[28.188146803750506,-25.747964353948394],[28.188117312873825,-25.747880366028188],[28.188096441603552,-25.747808605835722],[28.188087961882786,-25.747659539389371],[28.188057257361358,-25.747288610119],[28.18804642671962,-25.747136306468473],[28.188042020816908,-25.74708613166867],[28.18802884156575,-25.747046653399128],[28.188009254995755,-25.747018603319372],[28.187991142892056,-25.747006322651426],[28.187965131525019,-25.74699256550926],[28.187931213042564,-25.746978047606305],[28.187883901049059,-25.746955574409334],[28.187805723614652,-25.746924255980677],[28.187729778344039,-25.746887125486335],[28.187660417824947,-25.746835350000406],[28.187599123743944,-25.746789491793745],[28.187547615410793,-25.746734878784761],[28.187500981490846,-25.746678825326658],[28.187464084378906,-25.746621356748378],[28.187436894086783,-25.746566879380484],[28.187412945739997,-25.746512420096948],[28.187398964879382,-25.746422778942208],[28.187369008874992,-25.746059951810256],[28.187367756995329,-25.74600561916268],[28.187369518286175,-25.745985073188294],[28.187390842878063,-25.745948485258751],[28.18741540036228,-25.745913384796278],[28.187446341771786,-25.745893001633039],[28.187491794332225,-25.745884445854557],[28.187569668922059,-25.745876070032558],[28.18765400932346,-25.74587066819705],[28.187735086859146,-25.745868183368007],[28.18782917293084,-25.745859898727407],[28.187897381665405,-25.745842659451672],[28.188017606527914,-25.74580515526765],[28.188119283206348,-25.745819544544176],[28.188155612222189,-25.745828344329603],[28.188203580232923,-25.745831954952308],[28.188258441726671,-25.745829873377296],[28.188406174692037,-25.745820188680749],[28.188502718045175,-25.745815472637712],[28.188558491115991,-25.745818133774957],[28.188617565735935,-25.745833307070995],[28.188641711157363,-25.745850158643016],[28.188664239941133,-25.745872016048942],[28.188677744395012,-25.745902659628808],[28.188682803247787,-25.745934211108004],[28.188693148460086,-25.746041734974181],[28.188702902242696,-25.746158568567626],[28.188708229787593,-25.746228332198648],[28.188712136947718,-25.746274206030421],[28.188718103617877,-25.746327494457791],[28.188718095569754,-25.746406303100922],[28.188709272377555,-25.746463091553778],[28.18869844706823,-25.746503867564613],[28.188683923243648,-25.746545818011683],[28.188665160359573,-25.746590610594247],[28.188643272200814,-25.746629654254036],[28.188622484847087,-25.746662016682357],[28.188595335653886,-25.746699120218651],[28.188568211775884,-25.746732641472473],[28.188537934041264,-25.746764474435331],[28.188502884545656,-25.746800100603245],[28.188465227234538,-25.746831414050522],[28.188410201862482,-25.746871921154305],[28.188338595912438,-25.746917636793032],[28.188305243131101,-25.746936317034283],[28.188276635511091,-25.746955262905761],[28.188246915061558,-25.746982798926602],[28.188218206796684,-25.747016550468221],[28.188202737706792,-25.747042256019782],[28.188196208042736,-25.74707183300897],[28.188193896986487,-25.74710143261181],[28.18820278222157,-25.747175747129788],[28.188209716811123,-25.747256988152923],[28.188224798129795,-25.747443489710218],[28.18825533909002,-25.7478384190585]],[[28.196775052900474,-25.750248542176216],[28.197211539933992,-25.750223529111501],[28.197260025720745,-25.750234790984031],[28.197289102545064,-25.750247227542026],[28.197320205362161,-25.750276010524765],[28.197343147278804,-25.750311796021158],[28.197351416041091,-25.750335162989469],[28.197362310413741,-25.750370039046164],[28.197377067379723,-25.75043242328293],[28.197446890069603,-25.750723670203914],[28.197493895081401,-25.750870932179733],[28.197516017197497,-25.750914386136746],[28.197539075256834,-25.75096480339462],[28.19757192536035,-25.751014964115686],[28.1975926142951,-25.751053081210792],[28.197622114847885,-25.751097424255466],[28.197649281550156,-25.751135783732899],[28.197683266618291,-25.751179912286833],[28.197713886042948,-25.751214828401842],[28.197745303033347,-25.75124867481038],[28.197786442437252,-25.751287588721045],[28.19782052223831,-25.751317628173915],[28.197912580889628,-25.751392287530923],[28.197971408840058,-25.751428313925995],[28.198030796923984,-25.751459447678293],[28.198092638213073,-25.751478654416612],[28.198133424756076,-25.75149177538475],[28.198247336380589,-25.75153221273548],[28.198327379792939,-25.751550564646351],[28.198498697430921,-25.751563925727659],[28.198655508205899,-25.751577923437257],[28.198822030262573,-25.751598661779255],[28.198863385615351,-25.751605456640032],[28.198925827427356,-25.751613919970502],[28.19897903937439,-25.751622331597371],[28.199022491017111,-25.751631167893706],[28.199066724385869,-25.751641441806687],[28.199109364884521,-25.751653378561333],[28.199162532019376,-25.751668477242347],[28.199220946772797,-25.751687425471403],[28.199267703965337,-25.751704656006819],[28.199323252596344,-25.751728466989903],[28.199368216523673,-25.75174781957519],[28.199410802665206,-25.751767874835533],[28.199719847313741,-25.751927787837818],[28.199921433973785,-25.752028600506396],[28.200292170551815,-25.752187179664684],[28.200411054289937,-25.752233684660254],[28.200574143100457,-25.75229476104975],[28.200633906910578,-25.75230849728969],[28.200637583625173,-25.752310142155473],[28.200717887279307,-25.752344249991747],[28.200798998566423,-25.752376827796184],[28.200880817819463,-25.752407875020438],[28.200963244767273,-25.752437481373075],[28.201046380279845,-25.752465466886385],[28.201130122878183,-25.752492101782565],[28.201214375310112,-25.75251702448675],[28.201299236029818,-25.75254041605821],[28.201384705034457,-25.752562276495809],[28.201470483930159,-25.752582513901938],[28.201556772043347,-25.752601129369005],[28.201743400465318,-25.752657020836818],[28.202015601293645,-25.752712949624296],[28.202102477152192,-25.752734919348654],[28.202185382387139,-25.752759254644698],[28.20225510297119,-25.752783517658536],[28.202653505012719,-25.752950481398106]]]},"properties":{"OBJECTID":10,"Route_Type":"Trunk Route","Route_Code":"Line 2A","Route_Description":"CBD - Hatfield","Shape.STLength()":12675.01452210284}}]}