{
  "type": "FeatureCollection",
  "name": "Pulse Transit Rea Vaya Supplemental Route Segments",
  "crsStatus": "requested-from-source-as-EPSG:4326",
  "features": [
    {
      "type": "Feature",
      "id": "reavaya-c1-segment-1",
      "geometry": {
        "type": "LineString",
        "coordinates": [
          [
            27.93135100004697,
            -26.227576999977426
          ],
          [
            27.932065999995366,
            -26.227333000041153
          ],
          [
            27.932200000007825,
            -26.227285999989274
          ],
          [
            27.932725000021634,
            -26.2277780000142
          ],
          [
            27.933733000010253,
            -26.22870500002074
          ],
          [
            27.93403600005467,
            -26.228982000004958
          ],
          [
            27.9349169999682,
            -26.22979300000263
          ],
          [
            27.935170000055063,
            -26.230024999989215
          ],
          [
            27.935473000003874,
            -26.23030300000102
          ],
          [
            27.935715999999676,
            -26.230526000043536
          ],
          [
            27.935939999974284,
            -26.230731999991796
          ],
          [
            27.936728000011584,
            -26.231451999955375
          ],
          [
            27.937298999995484,
            -26.231976000000397
          ],
          [
            27.937677999943872,
            -26.23232000000692
          ],
          [
            27.938059999995552,
            -26.232640000019565
          ],
          [
            27.93868699996199,
            -26.233074999983
          ],
          [
            27.9391090000279,
            -26.23332399995451
          ],
          [
            27.93937399999475,
            -26.233462999960086
          ],
          [
            27.93987600001037,
            -26.233688000014386
          ],
          [
            27.94028799999154,
            -26.23384400005232
          ],
          [
            27.940716999964607,
            -26.233983000022928
          ],
          [
            27.94124099999428,
            -26.234117999970923
          ],
          [
            27.941821000029726,
            -26.23422499999856
          ],
          [
            27.942423000056312,
            -26.23429600003518
          ],
          [
            27.942867999992615,
            -26.234316999997365
          ],
          [
            27.94348899994647,
            -26.234309999995684
          ],
          [
            27.944022999977598,
            -26.234267999993843
          ],
          [
            27.94481800004214,
            -26.234146000001907
          ],
          [
            27.94633099999721,
            -26.233868000003675
          ],
          [
            27.94871100001415,
            -26.233432999961757
          ],
          [
            27.949509000057283,
            -26.233282000031707
          ],
          [
            27.950182999992112,
            -26.233172000004195
          ],
          [
            27.950501000033977,
            -26.2331359999683
          ],
          [
            27.951008000040037,
            -26.233111999972532
          ],
          [
            27.951444999989203,
            -26.233133000006248
          ],
          [
            27.95196699997393,
            -26.233193999994985
          ],
          [
            27.95277700003236,
            -26.23334399997173
          ],
          [
            27.953461000017434,
            -26.233466999976436
          ],
          [
            27.954090000014304,
            -26.233530000011996
          ],
          [
            27.95479800002885,
            -26.233524000018434
          ],
          [
            27.955296999970987,
            -26.233461000044418
          ],
          [
            27.955866999967917,
            -26.23333400003482
          ],
          [
            27.95648500001884,
            -26.23311800003349
          ],
          [
            27.957338999988476,
            -26.23266400002144
          ],
          [
            27.95775699996512,
            -26.232416999992886
          ],
          [
            27.958367999976804,
            -26.232064000017647
          ],
          [
            27.958807000046317,
            -26.231850000012066
          ],
          [
            27.95935999997292,
            -26.231648000046267
          ],
          [
            27.959832000002308,
            -26.231531000025978
          ],
          [
            27.96028400000894,
            -26.23145499997142
          ],
          [
            27.96060699995129,
            -26.23142599997759
          ],
          [
            27.961113000032867,
            -26.2314100000399
          ],
          [
            27.96171699997186,
            -26.23144399999656
          ],
          [
            27.96237200004734,
            -26.231571000046166
          ],
          [
            27.96287600005086,
            -26.231709000027454
          ],
          [
            27.964146000031928,
            -26.232063999995766
          ],
          [
            27.965360999948437,
            -26.232407000014618
          ],
          [
            27.965762000004194,
            -26.232548000014653
          ],
          [
            27.966147999990618,
            -26.23268299998404
          ],
          [
            27.966543000014006,
            -26.232802999996373
          ],
          [
            27.96788199998371,
            -26.233193999998086
          ],
          [
            27.968502000028028,
            -26.23337500001415
          ],
          [
            27.969079999966162,
            -26.233526999975357
          ],
          [
            27.969943999965498,
            -26.23376700001861
          ],
          [
            27.970865000048516,
            -26.23401400000351
          ],
          [
            27.97149700003086,
            -26.23411600002364
          ],
          [
            27.972069000013455,
            -26.23414699998038
          ],
          [
            27.97278700002658,
            -26.234098999966186
          ],
          [
            27.973448000025428,
            -26.233976999973333
          ],
          [
            27.973745000050542,
            -26.23388999997394
          ],
          [
            27.974632999998736,
            -26.233573999959535
          ],
          [
            27.975944000019332,
            -26.233099999950525
          ],
          [
            27.977407999974027,
            -26.232565999989017
          ],
          [
            27.97769199999599,
            -26.232466000035597
          ],
          [
            27.978510999956953,
            -26.232207999970985
          ],
          [
            27.97906499997376,
            -26.23205099996412
          ],
          [
            27.979484999945527,
            -26.231939999994076
          ],
          [
            27.980113000018317,
            -26.231792000037387
          ],
          [
            27.981074000055177,
            -26.231602999950713
          ],
          [
            27.981825999984558,
            -26.231483000016887
          ],
          [
            27.982749000050102,
            -26.231359000040534
          ],
          [
            27.98434900001501,
            -26.231163000005385
          ],
          [
            27.985036999967885,
            -26.23106800004973
          ],
          [
            27.985531999958358,
            -26.230999000033936
          ],
          [
            27.986876999974395,
            -26.23082300003189
          ],
          [
            27.98923999997866,
            -26.230514000050267
          ],
          [
            27.990152999983238,
            -26.23039200005097
          ],
          [
            27.995877999996907,
            -26.229644999976088
          ],
          [
            28.001519000041508,
            -26.228907999972673
          ],
          [
            28.002849000031926,
            -26.228738999952405
          ],
          [
            28.00346200004876,
            -26.228686999965404
          ],
          [
            28.00427199998983,
            -26.228704999984522
          ],
          [
            28.004939000019107,
            -26.228777999950402
          ],
          [
            28.005480000024857,
            -26.228881999950325
          ],
          [
            28.006666999974563,
            -26.22914699997898
          ],
          [
            28.00780999999202,
            -26.229401999973664
          ],
          [
            28.008573999961612,
            -26.229559999963616
          ],
          [
            28.009092999984365,
            -26.22964100003
          ],
          [
            28.009725000040255,
            -26.229694000020434
          ],
          [
            28.01032799997198,
            -26.229709000020645
          ],
          [
            28.01048500002034,
            -26.229703999990626
          ],
          [
            28.011405000016428,
            -26.229643000001218
          ],
          [
            28.012833999980035,
            -26.229531000009082
          ],
          [
            28.014199999954677,
            -26.22942399997604
          ],
          [
            28.014775999972187,
            -26.22937400001644
          ],
          [
            28.015422999956815,
            -26.22918199997586
          ],
          [
            28.01581000000181,
            -26.229061999993153
          ],
          [
            28.01608599998354,
            -26.22896799998186
          ],
          [
            28.016360999955843,
            -26.228902999983518
          ],
          [
            28.016685000051712,
            -26.228882999950446
          ],
          [
            28.016998999983553,
            -26.228900000052104
          ],
          [
            28.017532999969724,
            -26.2290260000065
          ],
          [
            28.018161999977888,
            -26.229182999997004
          ],
          [
            28.018678999977578,
            -26.229262999979902
          ],
          [
            28.019306000046996,
            -26.229254000016724
          ],
          [
            28.019765999996633,
            -26.22923499996691
          ],
          [
            28.020427999993444,
            -26.22912400000496
          ],
          [
            28.02077800004769,
            -26.22901500000924
          ],
          [
            28.02105800001913,
            -26.22889099997177
          ],
          [
            28.021476999980248,
            -26.228626000021684
          ],
          [
            28.021774000057768,
            -26.22833699995804
          ],
          [
            28.02192299997992,
            -26.228124999967648
          ],
          [
            28.022045999952038,
            -26.227818000038205
          ],
          [
            28.022090000036588,
            -26.227558000024867
          ],
          [
            28.02208400002655,
            -26.22731900000425
          ],
          [
            28.02209300005805,
            -26.22686099999656
          ],
          [
            28.02213500001156,
            -26.226548000039045
          ],
          [
            28.022256999996053,
            -26.225805000003987
          ],
          [
            28.02234000002854,
            -26.225288000050234
          ],
          [
            28.02241400003566,
            -26.224823999995643
          ],
          [
            28.02250199998286,
            -26.224275999983448
          ],
          [
            28.022608999991686,
            -26.223964999974793
          ],
          [
            28.02280699997507,
            -26.2237070000474
          ],
          [
            28.022998000041568,
            -26.223553000040138
          ],
          [
            28.023841999986637,
            -26.223003000030523
          ],
          [
            28.024245000025495,
            -26.22273999997287
          ],
          [
            28.024475000055222,
            -26.222523000029227
          ],
          [
            28.02463800003286,
            -26.22225500000679
          ],
          [
            28.02487499998372,
            -26.221526999985954
          ],
          [
            28.02506200003063,
            -26.220917999972144
          ],
          [
            28.025088999943808,
            -26.220654000038376
          ],
          [
            28.025039000011635,
            -26.220393999982598
          ],
          [
            28.024895999965942,
            -26.220146999977725
          ],
          [
            28.02483699996061,
            -26.220016000045657
          ],
          [
            28.02486500003153,
            -26.219956999949776
          ],
          [
            28.02497900004336,
            -26.21989100004709
          ],
          [
            28.02524699998093,
            -26.21985899998047
          ],
          [
            28.025807000033367,
            -26.219835000008846
          ],
          [
            28.026023999980545,
            -26.219807000020676
          ],
          [
            28.02638500005045,
            -26.21970199994866
          ],
          [
            28.02662399997574,
            -26.219572000040333
          ],
          [
            28.026880999994326,
            -26.219368999961773
          ],
          [
            28.027014000036527,
            -26.21922500002061
          ],
          [
            28.027220000028095,
            -26.21890299999819
          ],
          [
            28.027932000020996,
            -26.217641000008836
          ],
          [
            28.02811600004529,
            -26.217241000018614
          ],
          [
            28.028626999954835,
            -26.2159369999937
          ],
          [
            28.028819999983707,
            -26.215433000024863
          ],
          [
            28.02898200000189,
            -26.215179000003086
          ],
          [
            28.02925699996733,
            -26.21497800004379
          ],
          [
            28.02944099996817,
            -26.2149009999839
          ],
          [
            28.030136000029927,
            -26.214695000029486
          ],
          [
            28.03031100002276,
            -26.214584000010923
          ],
          [
            28.030412000035046,
            -26.21437700001991
          ],
          [
            28.030397000032416,
            -26.21419599996163
          ],
          [
            28.030213999952785,
            -26.213928999958384
          ],
          [
            28.03002900005762,
            -26.213710999998508
          ],
          [
            28.029966999943277,
            -26.21352799996973
          ],
          [
            28.03002600001718,
            -26.2133269999766
          ],
          [
            28.030156999975976,
            -26.213191000007257
          ],
          [
            28.03094099998157,
            -26.21283700004096
          ],
          [
            28.031881000034325,
            -26.21242400005126
          ],
          [
            28.032281999957274,
            -26.212190000052086
          ],
          [
            28.032679999984712,
            -26.211883999985506
          ],
          [
            28.03292100001617,
            -26.211700999976504
          ],
          [
            28.03312300002347,
            -26.211538999950207
          ],
          [
            28.033532999999693,
            -26.211193999952933
          ],
          [
            28.034270999999205,
            -26.21052700004821
          ],
          [
            28.034390999994443,
            -26.210385000014373
          ],
          [
            28.034490999977915,
            -26.210177999971243
          ],
          [
            28.03451200001567,
            -26.209953000046664
          ],
          [
            28.034484000029043,
            -26.209821999986463
          ],
          [
            28.0343960000121,
            -26.209571999977932
          ],
          [
            28.034308000038685,
            -26.209323999973588
          ],
          [
            28.03425499995464,
            -26.209174999982164
          ],
          [
            28.03421100003922,
            -26.208990000003606
          ],
          [
            28.034123000029226,
            -26.20844100002433
          ],
          [
            28.03392299997144,
            -26.207008999960173
          ],
          [
            28.033735586564593,
            -26.205781348079
          ]
        ]
      },
      "properties": {
        "operatorId": "reavaya",
        "routeCode": "C1",
        "routeFamily": "complementary",
        "segmentIndex": 1,
        "segmentIndexStatus": "source-feature-index-not-service-sequence",
        "sourcePhase": "Phase 1B",
        "sourceType": "Complementary",
        "geometryStatus": "official-supplemental-segment",
        "geometryDirection": "unverified",
        "serviceSequence": null,
        "sourceAuthority": "City of Johannesburg",
        "sourceService": "TransportationMaster",
        "sourceLayerName": "BRT C1 Dobsonville To Ellis Park",
        "sourceObjectId": 1
      }
    },
    {
      "type": "Feature",
      "id": "reavaya-c1-segment-2",
      "geometry": {
        "type": "LineString",
        "coordinates": [
          [
            28.03464500002135,
            -26.205564000036674
          ],
          [
            28.036734000050583,
            -26.205310999984015
          ],
          [
            28.039338000040768,
            -26.204993000037664
          ],
          [
            28.04255299994197,
            -26.20461200003399
          ],
          [
            28.047600000054505,
            -26.204056999966742
          ],
          [
            28.049085999981703,
            -26.203883000049988
          ],
          [
            28.05264800001644,
            -26.203502999988448
          ],
          [
            28.054037000026995,
            -26.203338000022313
          ],
          [
            28.05463200005186,
            -26.203261000013015
          ],
          [
            28.05480099997664,
            -26.203313999961992
          ],
          [
            28.056137999969316,
            -26.203358999978107
          ],
          [
            28.056405999986488,
            -26.20332899999285
          ],
          [
            28.056945999997197,
            -26.203243000007696
          ],
          [
            28.057726999949107,
            -26.203140000051413
          ],
          [
            28.058303999968686,
            -26.20301699996718
          ],
          [
            28.05887299996134,
            -26.2028309999731
          ],
          [
            28.059164000048902,
            -26.20276699997722
          ],
          [
            28.060051000048276,
            -26.20264900000375
          ],
          [
            28.06158600004068,
            -26.20247800004197
          ],
          [
            28.061982999986906,
            -26.202377000028058
          ],
          [
            28.062674999996982,
            -26.20187400003084
          ],
          [
            28.06733700002034,
            -26.19818400005148
          ],
          [
            28.067911000049413,
            -26.197723000021085
          ],
          [
            28.06763999995009,
            -26.19751599997269
          ],
          [
            28.067318000041343,
            -26.197131000040937
          ],
          [
            28.066486999989195,
            -26.196115000050206
          ],
          [
            28.064819000029864,
            -26.19409399995907
          ],
          [
            28.064847000039226,
            -26.194127000045977
          ]
        ]
      },
      "properties": {
        "operatorId": "reavaya",
        "routeCode": "C1",
        "routeFamily": "complementary",
        "segmentIndex": 2,
        "segmentIndexStatus": "source-feature-index-not-service-sequence",
        "sourcePhase": "Phase 1B",
        "sourceType": "Complementary",
        "geometryStatus": "official-supplemental-segment",
        "geometryDirection": "unverified",
        "serviceSequence": null,
        "sourceAuthority": "City of Johannesburg",
        "sourceService": "TransportationMaster",
        "sourceLayerName": "BRT C1 Dobsonville To Ellis Park",
        "sourceObjectId": 2
      }
    },
    {
      "type": "Feature",
      "id": "reavaya-c1-segment-3",
      "geometry": {
        "type": "MultiLineString",
        "coordinates": [
          [
            [
              27.8738500000398,
              -26.222657999978725
            ],
            [
              27.874348999985756,
              -26.2227489999924
            ],
            [
              27.874964999944662,
              -26.22283100002364
            ],
            [
              27.875181000014877,
              -26.22290499995243
            ],
            [
              27.876834999984137,
              -26.223859000038424
            ],
            [
              27.877557000006117,
              -26.224272999960906
            ],
            [
              27.877717000045156,
              -26.22436899995028
            ],
            [
              27.877928999983936,
              -26.2244609999578
            ],
            [
              27.8782059999856,
              -26.224543999949635
            ],
            [
              27.879017000016376,
              -26.22466999994934
            ],
            [
              27.87923199994346,
              -26.22470600000067
            ],
            [
              27.87967899996254,
              -26.224697000045985
            ],
            [
              27.879842000029633,
              -26.224673000037733
            ],
            [
              27.88048099994997,
              -26.22444600001801
            ],
            [
              27.880684999944663,
              -26.224382000026647
            ],
            [
              27.88077599999045,
              -26.224368000004183
            ],
            [
              27.88133300001785,
              -26.22425499996528
            ],
            [
              27.881539999949354,
              -26.224243999987372
            ],
            [
              27.881773999963386,
              -26.224236000043234
            ],
            [
              27.88219599998825,
              -26.22427800004992
            ],
            [
              27.88238400005524,
              -26.2243109999727
            ],
            [
              27.882730999977955,
              -26.2243930000512
            ],
            [
              27.883179999966064,
              -26.22449600003951
            ],
            [
              27.883534999983468,
              -26.224573999956906
            ],
            [
              27.88382099999985,
              -26.224629000042018
            ],
            [
              27.884218999953582,
              -26.224677000041446
            ],
            [
              27.884667000024848,
              -26.224688000052016
            ],
            [
              27.885117999995717,
              -26.224657999952477
            ],
            [
              27.885651000017933,
              -26.224574999990455
            ],
            [
              27.88610099998812,
              -26.22444800002443
            ],
            [
              27.88653199995925,
              -26.224288999950417
            ],
            [
              27.886945999956534,
              -26.22408399999427
            ],
            [
              27.887378999994247,
              -26.223811000032306
            ],
            [
              27.88766799997144,
              -26.22358299997662
            ],
            [
              27.88783900003929,
              -26.223439000020672
            ],
            [
              27.88809399996338,
              -26.2231669999599
            ],
            [
              27.888307999948474,
              -26.222901000039656
            ],
            [
              27.88850199999533,
              -26.222622000000523
            ],
            [
              27.88868499997914,
              -26.22229499998093
            ],
            [
              27.888849999945403,
              -26.22191300001946
            ],
            [
              27.888936000016322,
              -26.221629000019654
            ],
            [
              27.889023000008113,
              -26.221225999982465
            ],
            [
              27.889551999997085,
              -26.2216749999552
            ],
            [
              27.890315999980768,
              -26.22234799996997
            ],
            [
              27.890789000013243,
              -26.22277000001579
            ],
            [
              27.890908999958494,
              -26.222880999949027
            ],
            [
              27.8911070000148,
              -26.223009000018898
            ],
            [
              27.89136000005274,
              -26.22291599997575
            ],
            [
              27.89259300002149,
              -26.222683999991066
            ],
            [
              27.893791000032007,
              -26.22245199995904
            ],
            [
              27.894159000010767,
              -26.222359000021083
            ],
            [
              27.89428799998789,
              -26.22232700000483
            ],
            [
              27.894561000035807,
              -26.222288000039743
            ],
            [
              27.897542000006947,
              -26.221720000003252
            ],
            [
              27.89785699999803,
              -26.22165699996258
            ],
            [
              27.89780799997594,
              -26.22145399996903
            ],
            [
              27.897734999942262,
              -26.221160000008148
            ],
            [
              27.897634000046278,
              -26.220723999988127
            ],
            [
              27.897635000056557,
              -26.220424000050542
            ],
            [
              27.897696999993023,
              -26.22012900000409
            ],
            [
              27.897762000043834,
              -26.21993000003092
            ],
            [
              27.897961000020672,
              -26.219683000028596
            ],
            [
              27.898041000047115,
              -26.21960500001229
            ],
            [
              27.898307000032162,
              -26.219478999988976
            ],
            [
              27.898796999948903,
              -26.219281999970647
            ],
            [
              27.899092000045524,
              -26.219266000031546
            ],
            [
              27.899785000004847,
              -26.219287000008055
            ],
            [
              27.90023199994813,
              -26.219313000033704
            ],
            [
              27.90059099994831,
              -26.219361999963553
            ],
            [
              27.900764999961737,
              -26.219418999998375
            ],
            [
              27.900903999993794,
              -26.21948099995719
            ],
            [
              27.901029999967637,
              -26.2195630000478
            ],
            [
              27.9011290000414,
              -26.219658000024143
            ],
            [
              27.901235999949904,
              -26.21983900000109
            ],
            [
              27.901286000053357,
              -26.220048000032936
            ],
            [
              27.90122999998541,
              -26.220301000032254
            ],
            [
              27.901045000024713,
              -26.220868999994718
            ],
            [
              27.900888000002436,
              -26.221338999951904
            ],
            [
              27.900814999977353,
              -26.221544000031958
            ],
            [
              27.90065800005138,
              -26.22170699998952
            ],
            [
              27.900410000048144,
              -26.221897000009022
            ],
            [
              27.9002710000077,
              -26.222000999997245
            ],
            [
              27.90054900000508,
              -26.22235000002732
            ],
            [
              27.900776999976316,
              -26.222642999973978
            ],
            [
              27.901638000022714,
              -26.223673999961598
            ],
            [
              27.902263999970213,
              -26.224428000034486
            ],
            [
              27.90341400000445,
              -26.22400800000519
            ],
            [
              27.903682000028788,
              -26.2239309999938
            ],
            [
              27.90432899997422,
              -26.223890999992058
            ],
            [
              27.904496000014838,
              -26.22389199998752
            ],
            [
              27.905894999955823,
              -26.224263999961636
            ],
            [
              27.906438999984438,
              -26.22441199995032
            ],
            [
              27.90657599994347,
              -26.224437999986126
            ],
            [
              27.907196999987608,
              -26.224435999983747
            ],
            [
              27.907568000031922,
              -26.224432000016524
            ],
            [
              27.90779699999238,
              -26.22439799995674
            ],
            [
              27.908396999985122,
              -26.224440999959416
            ],
            [
              27.908944999970828,
              -26.224435999984426
            ],
            [
              27.908949000026617,
              -26.22491400003146
            ],
            [
              27.90903199996906,
              -26.22509300005023
            ],
            [
              27.90988199998319,
              -26.225838999984575
            ],
            [
              27.91029200003346,
              -26.22618999997177
            ],
            [
              27.910804000001015,
              -26.226630999971373
            ],
            [
              27.911109000055628,
              -26.22688899998591
            ],
            [
              27.911403000029114,
              -26.22712600004927
            ],
            [
              27.911453999996358,
              -26.22720100000954
            ],
            [
              27.91277299996018,
              -26.22713799997972
            ],
            [
              27.91323900004858,
              -26.22711300003799
            ],
            [
              27.9156050000055,
              -26.226996000008615
            ],
            [
              27.918523000033947,
              -26.226848000035815
            ],
            [
              27.919057999945682,
              -26.2268120000521
            ],
            [
              27.91917900000233,
              -26.226792000029597
            ],
            [
              27.919231999972098,
              -26.227763999995393
            ],
            [
              27.919213999972985,
              -26.228216000048814
            ],
            [
              27.919161999964995,
              -26.228738000008967
            ],
            [
              27.919120999998817,
              -26.22912199996459
            ],
            [
              27.919090999988384,
              -26.22934999997782
            ],
            [
              27.919006000013262,
              -26.229550000034585
            ],
            [
              27.91887100000425,
              -26.22980699997723
            ],
            [
              27.918746000011605,
              -26.229968000001914
            ],
            [
              27.91880299999974,
              -26.230019999957083
            ],
            [
              27.918922000031916,
              -26.23018399995002
            ],
            [
              27.919030999993446,
              -26.230320999955996
            ],
            [
              27.919304999957024,
              -26.230618000046384
            ],
            [
              27.9198030000555,
              -26.23113099996592
            ],
            [
              27.920021999975933,
              -26.231344999989993
            ],
            [
              27.920465000000767,
              -26.231793999953513
            ],
            [
              27.920646999997068,
              -26.231980999952917
            ],
            [
              27.92093700002962,
              -26.23221800002209
            ],
            [
              27.92125799997683,
              -26.232483999950276
            ],
            [
              27.92136099994453,
              -26.232608000024307
            ],
            [
              27.921487999985825,
              -26.232855999981286
            ],
            [
              27.921663999979828,
              -26.233360999973435
            ],
            [
              27.921800999995078,
              -26.2337810000126
            ],
            [
              27.921977000039423,
              -26.23405099997263
            ],
            [
              27.922141000035523,
              -26.23421000001299
            ],
            [
              27.92235500005127,
              -26.23440100000096
            ],
            [
              27.922714999944443,
              -26.234666000026273
            ],
            [
              27.923155999974078,
              -26.23406100002307
            ],
            [
              27.923782000011006,
              -26.233215999970504
            ],
            [
              27.924879000041614,
              -26.23172200000919
            ],
            [
              27.92511499994357,
              -26.2314169999892
            ],
            [
              27.925941000026857,
              -26.230302000004983
            ],
            [
              27.926618000051963,
              -26.22938899995059
            ],
            [
              27.926891000002644,
              -26.22911000001286
            ],
            [
              27.92726999995918,
              -26.228937000013218
            ],
            [
              27.92757899996637,
              -26.228860999984068
            ],
            [
              27.92766400002144,
              -26.228848000051496
            ],
            [
              27.927917000010247,
              -26.228741000049308
            ],
            [
              27.928407000011788,
              -26.228585999949452
            ],
            [
              27.92887299999986,
              -26.228466000013768
            ],
            [
              27.929273000020533,
              -26.228288999989445
            ],
            [
              27.93004599997689,
              -26.228021000022217
            ],
            [
              27.932200139511206,
              -26.227286248138203
            ],
            [
              27.93635941365821,
              -26.22590241830088
            ],
            [
              27.93750692526807,
              -26.225479652427904
            ],
            [
              27.937744299510893,
              -26.225332801675574
            ],
            [
              27.93797130891738,
              -26.225136249208987
            ],
            [
              27.938170713743293,
              -26.224923150422104
            ],
            [
              27.938352769454443,
              -26.224634989459645
            ],
            [
              27.938458073463284,
              -26.224424291872307
            ],
            [
              27.938561275683625,
              -26.22409564086145
            ],
            [
              27.938611592789535,
              -26.223728242958583
            ],
            [
              27.938901001373896,
              -26.22099135183798
            ],
            [
              27.939059236792907,
              -26.219555218780954
            ],
            [
              27.939127211670804,
              -26.219219778602564
            ],
            [
              27.939287332826673,
              -26.21884675901428
            ],
            [
              27.9395754420431,
              -26.218422901121237
            ],
            [
              27.94053009437989,
              -26.217120258560815
            ],
            [
              27.94126187114414,
              -26.216202864729553
            ],
            [
              27.941592751387862,
              -26.216000673395854
            ],
            [
              27.941940553076982,
              -26.21588070333962
            ],
            [
              27.942282947494217,
              -26.21582423378255
            ],
            [
              27.942709384758565,
              -26.215808127005634
            ],
            [
              27.94337176172362,
              -26.215856547038815
            ],
            [
              27.944010482457177,
              -26.215907444233313
            ],
            [
              27.94440057247469,
              -26.215907030247735
            ],
            [
              27.94476110931536,
              -26.215853391501337
            ],
            [
              27.945321468319346,
              -26.21567540567843
            ],
            [
              27.94912746309462,
              -26.21420737178046
            ],
            [
              27.94961460960776,
              -26.213962743494772
            ],
            [
              27.95112416364096,
              -26.2129178322555
            ],
            [
              27.951490170675704,
              -26.21267005640837
            ],
            [
              27.95185345060071,
              -26.212325240355124
            ],
            [
              27.95201657036722,
              -26.212092844694748
            ],
            [
              27.952162795489947,
              -26.211788247845497
            ],
            [
              27.952243949249173,
              -26.21144588704838
            ],
            [
              27.952254691786937,
              -26.21106691285278
            ],
            [
              27.952187104282398,
              -26.210662549095368
            ],
            [
              27.95192792386599,
              -26.20941294586823
            ],
            [
              27.951894699333714,
              -26.20914843944884
            ],
            [
              27.95188963013064,
              -26.208871163162883
            ],
            [
              27.951967848059187,
              -26.208481399138222
            ],
            [
              27.952145967488033,
              -26.208170948153683
            ],
            [
              27.952410042233247,
              -26.207918600365172
            ],
            [
              27.95266310216735,
              -26.207743768215078
            ],
            [
              27.953061113626685,
              -26.20756557681878
            ],
            [
              27.953282669879854,
              -26.207512175068047
            ],
            [
              27.953488816081272,
              -26.20747699897652
            ],
            [
              27.95370248251805,
              -26.207453338695473
            ],
            [
              27.953946749232554,
              -26.207430532127166
            ],
            [
              27.954157827462677,
              -26.207399344141173
            ],
            [
              27.9544683533145,
              -26.207368074930276
            ],
            [
              27.954848297418653,
              -26.20732095484723
            ],
            [
              27.95509125348408,
              -26.207277762052847
            ],
            [
              27.955289960061272,
              -26.20722189882438
            ],
            [
              27.955458174998356,
              -26.20716581395213
            ],
            [
              27.955767083392754,
              -26.207005305847648
            ],
            [
              27.95591031764587,
              -26.206900901223236
            ],
            [
              27.956048870918433,
              -26.206804419194647
            ],
            [
              27.956163736805564,
              -26.206693685458816
            ],
            [
              27.956279367542596,
              -26.20655011144751
            ],
            [
              27.956410713636693,
              -26.20635392900989
            ],
            [
              27.956579433550854,
              -26.206078165915372
            ],
            [
              27.956894144992862,
              -26.20549194205226
            ],
            [
              27.95705901932091,
              -26.205097912122
            ],
            [
              27.95734668360172,
              -26.204534941072968
            ],
            [
              27.95755252766101,
              -26.204205118731657
            ]
          ],
          [
            [
              27.87233899999232,
              -26.222169999995124
            ],
            [
              27.87257500005635,
              -26.222128999990804
            ],
            [
              27.87275300001137,
              -26.22211700000679
            ],
            [
              27.872861999984337,
              -26.222132999958934
            ],
            [
              27.872995999964605,
              -26.222176999983528
            ],
            [
              27.873143999974275,
              -26.222253000024573
            ],
            [
              27.87325899999248,
              -26.2223169999734
            ],
            [
              27.873548000036028,
              -26.22249799998578
            ],
            [
              27.873711000013554,
              -26.2225959999771
            ],
            [
              27.87385099994755,
              -26.22265800003754
            ]
          ]
        ]
      },
      "properties": {
        "operatorId": "reavaya",
        "routeCode": "C1",
        "routeFamily": "complementary",
        "segmentIndex": 3,
        "segmentIndexStatus": "source-feature-index-not-service-sequence",
        "sourcePhase": "Phase 1B",
        "sourceType": "Complementary",
        "geometryStatus": "official-supplemental-segment",
        "geometryDirection": "unverified",
        "serviceSequence": null,
        "sourceAuthority": "City of Johannesburg",
        "sourceService": "TransportationMaster",
        "sourceLayerName": "BRT C1 Dobsonville To Ellis Park",
        "sourceObjectId": 3
      }
    },
    {
      "type": "Feature",
      "id": "reavaya-c1-segment-4",
      "geometry": {
        "type": "LineString",
        "coordinates": [
          [
            28.0509729999583,
            -26.204455000030144
          ],
          [
            28.055891625007177,
            -26.20392412932154
          ],
          [
            28.056747684486716,
            -26.203819624490528
          ],
          [
            28.05726170988483,
            -26.20357847401127
          ],
          [
            28.05754441358287,
            -26.20333664522083
          ],
          [
            28.058020759685274,
            -26.203129291582023
          ],
          [
            28.05830421925979,
            -26.203016713097213
          ]
        ]
      },
      "properties": {
        "operatorId": "reavaya",
        "routeCode": "C1",
        "routeFamily": "complementary",
        "segmentIndex": 4,
        "segmentIndexStatus": "source-feature-index-not-service-sequence",
        "sourcePhase": null,
        "sourceType": null,
        "geometryStatus": "official-supplemental-segment",
        "geometryDirection": "unverified",
        "serviceSequence": null,
        "sourceAuthority": "City of Johannesburg",
        "sourceService": "TransportationMaster",
        "sourceLayerName": "BRT C1 Dobsonville To Ellis Park",
        "sourceObjectId": 4
      }
    },
    {
      "type": "Feature",
      "id": "reavaya-c1-segment-5",
      "geometry": {
        "type": "LineString",
        "coordinates": [
          [
            28.033737945522102,
            -26.205798989474555
          ],
          [
            28.032767172144368,
            -26.199760244940435
          ],
          [
            28.03369159116028,
            -26.199665858498197
          ],
          [
            28.033737941548864,
            -26.20012630117106
          ],
          [
            28.033764310393895,
            -26.2003882456314
          ],
          [
            28.033816418683227,
            -26.20067922275125
          ],
          [
            28.032983599715152,
            -26.200761486482595
          ]
        ]
      },
      "properties": {
        "operatorId": "reavaya",
        "routeCode": "C1",
        "routeFamily": "complementary",
        "segmentIndex": 5,
        "segmentIndexStatus": "source-feature-index-not-service-sequence",
        "sourcePhase": null,
        "sourceType": null,
        "geometryStatus": "official-supplemental-segment",
        "geometryDirection": "unverified",
        "serviceSequence": null,
        "sourceAuthority": "City of Johannesburg",
        "sourceService": "TransportationMaster",
        "sourceLayerName": "BRT C1 Dobsonville To Ellis Park",
        "sourceObjectId": 5
      }
    },
    {
      "type": "Feature",
      "id": "reavaya-c1-segment-6",
      "geometry": {
        "type": "LineString",
        "coordinates": [
          [
            28.03464500002135,
            -26.205564000036674
          ],
          [
            28.034064290592134,
            -26.205628957041558
          ],
          [
            28.03372531237187,
            -26.205712419378685
          ]
        ]
      },
      "properties": {
        "operatorId": "reavaya",
        "routeCode": "C1",
        "routeFamily": "complementary",
        "segmentIndex": 6,
        "segmentIndexStatus": "source-feature-index-not-service-sequence",
        "sourcePhase": null,
        "sourceType": null,
        "geometryStatus": "official-supplemental-segment",
        "geometryDirection": "unverified",
        "serviceSequence": null,
        "sourceAuthority": "City of Johannesburg",
        "sourceService": "TransportationMaster",
        "sourceLayerName": "BRT C1 Dobsonville To Ellis Park",
        "sourceObjectId": 6
      }
    },
    {
      "type": "Feature",
      "id": "reavaya-f11-segment-1",
      "geometry": {
        "type": "LineString",
        "coordinates": [
          [
            28.04651748001848,
            -26.19010511996536
          ],
          [
            28.04650379998001,
            -26.190003419954195
          ],
          [
            28.044324000054484,
            -26.19025442999295
          ],
          [
            28.043413199985824,
            -26.19035001001244
          ],
          [
            28.042685640006045,
            -26.1904239900468
          ],
          [
            28.041813720035037,
            -26.190511020004962
          ],
          [
            28.041505919991724,
            -26.190529739959864
          ],
          [
            28.041387119991658,
            -26.190596700019942
          ],
          [
            28.041363720029654,
            -26.190644219980463
          ]
        ]
      },
      "properties": {
        "operatorId": "reavaya",
        "routeCode": "F11",
        "routeFamily": "feeder",
        "segmentIndex": 1,
        "segmentIndexStatus": "source-feature-index-not-service-sequence",
        "sourcePhase": null,
        "sourceType": "Anticlockwise",
        "geometryStatus": "official-supplemental-segment",
        "geometryDirection": "unverified",
        "serviceSequence": null,
        "sourceAuthority": "City of Johannesburg",
        "sourceService": "TransportationMaster",
        "sourceLayerName": "BRT F11 Yeoville To Metro Centre",
        "sourceObjectId": 1
      }
    },
    {
      "type": "Feature",
      "id": "reavaya-f11-segment-2",
      "geometry": {
        "type": "MultiLineString",
        "coordinates": [
          [
            [
              28.04553100000292,
              -26.19007199997147
            ],
            [
              28.04650399998082,
              -26.189958000006925
            ],
            [
              28.046583000009328,
              -26.189950000018282
            ],
            [
              28.047312000024384,
              -26.189864000030664
            ],
            [
              28.04828500001251,
              -26.189750999954033
            ],
            [
              28.049101000022926,
              -26.189654999950623
            ],
            [
              28.050067999993537,
              -26.189549000018186
            ],
            [
              28.050935000020992,
              -26.18945300001743
            ],
            [
              28.050866000020008,
              -26.18893100001289
            ],
            [
              28.05272399997797,
              -26.188585000012242
            ],
            [
              28.053042000041412,
              -26.188526000007247
            ],
            [
              28.054450999995186,
              -26.188259999950034
            ],
            [
              28.054263999949253,
              -26.187466999949617
            ],
            [
              28.054116999962037,
              -26.18680900005028
            ],
            [
              28.053968000047732,
              -26.186144999956706
            ],
            [
              28.05383400004782,
              -26.185591000027085
            ],
            [
              28.053809000002747,
              -26.1854829999827
            ],
            [
              28.05365600000878,
              -26.184829999982973
            ],
            [
              28.05349999997231,
              -26.184142999961207
            ],
            [
              28.05453499999442,
              -26.183958000049117
            ],
            [
              28.05522299997694,
              -26.183828999999744
            ],
            [
              28.05562999998199,
              -26.183752999952368
            ],
            [
              28.05666400002067,
              -26.183553999980823
            ],
            [
              28.05675300002493,
              -26.183537000050197
            ],
            [
              28.057425999999296,
              -26.18341299996313
            ],
            [
              28.057587000023602,
              -26.18340699995573
            ],
            [
              28.057717999981637,
              -26.183433000040207
            ],
            [
              28.05786799995905,
              -26.18345199995207
            ],
            [
              28.05785600003373,
              -26.18202600005147
            ],
            [
              28.057847999944475,
              -26.181341999960093
            ],
            [
              28.05858299995697,
              -26.181334999974926
            ],
            [
              28.059575999966388,
              -26.18132799996849
            ],
            [
              28.061163999962822,
              -26.181315999989902
            ],
            [
              28.061294000022595,
              -26.181273999997355
            ],
            [
              28.062863000040362,
              -26.18129799999712
            ],
            [
              28.0630410000518,
              -26.18129699995652
            ],
            [
              28.06465000001905,
              -26.181289000013447
            ],
            [
              28.064747999992022,
              -26.181290000041642
            ],
            [
              28.064747000008865,
              -26.181210999969476
            ],
            [
              28.0647419999564,
              -26.180584000032113
            ]
          ],
          [
            [
              28.057714999973165,
              -26.18242200005072
            ],
            [
              28.05765299994546,
              -26.182569999950772
            ],
            [
              28.057628999942985,
              -26.182623999968257
            ],
            [
              28.05758399999004,
              -26.182667000006195
            ],
            [
              28.05752199996442,
              -26.182690999994236
            ],
            [
              28.056971000023893,
              -26.18278899995135
            ],
            [
              28.056599000028225,
              -26.182861000050746
            ],
            [
              28.05506299996803,
              -26.18315600004111
            ],
            [
              28.053933999949454,
              -26.18337400003824
            ],
            [
              28.053347999993342,
              -26.183483000029085
            ],
            [
              28.053439000046822,
              -26.18387399996522
            ],
            [
              28.05349999997231,
              -26.184142999961207
            ]
          ],
          [
            [
              28.064743000007923,
              -26.1805840000169
            ],
            [
              28.064733000057256,
              -26.17914600002488
            ],
            [
              28.064729999983147,
              -26.178825999995443
            ],
            [
              28.06472599998019,
              -26.178442000012115
            ],
            [
              28.064718999962885,
              -26.177727000032423
            ],
            [
              28.064718999996472,
              -26.177676999982612
            ],
            [
              28.06469999994254,
              -26.177008999954076
            ],
            [
              28.065670000045166,
              -26.17699999995832
            ],
            [
              28.06643599995445,
              -26.176997999957337
            ],
            [
              28.067275000049456,
              -26.176996999986017
            ],
            [
              28.06932499994976,
              -26.176976000008832
            ],
            [
              28.070892999998424,
              -26.176961000046155
            ],
            [
              28.0725330000093,
              -26.176947000046578
            ]
          ]
        ]
      },
      "properties": {
        "operatorId": "reavaya",
        "routeCode": "F11",
        "routeFamily": "feeder",
        "segmentIndex": 2,
        "segmentIndexStatus": "source-feature-index-not-service-sequence",
        "sourcePhase": "Phase 1B",
        "sourceType": "Feeder",
        "geometryStatus": "official-supplemental-segment",
        "geometryDirection": "unverified",
        "serviceSequence": null,
        "sourceAuthority": "City of Johannesburg",
        "sourceService": "TransportationMaster",
        "sourceLayerName": "BRT F11 Yeoville To Metro Centre",
        "sourceObjectId": 2
      }
    },
    {
      "type": "Feature",
      "id": "reavaya-f11-segment-3",
      "geometry": {
        "type": "MultiLineString",
        "coordinates": [
          [
            [
              28.04179100000074,
              -26.19513200001046
            ],
            [
              28.04170799994902,
              -26.194523000008815
            ],
            [
              28.040843000023113,
              -26.194614999974966
            ],
            [
              28.040768000023373,
              -26.19462500003736
            ],
            [
              28.04073200005753,
              -26.19445200005281
            ],
            [
              28.040632000036407,
              -26.193729000024117
            ],
            [
              28.04058200001736,
              -26.193440999985683
            ],
            [
              28.04058300002173,
              -26.193298000021688
            ],
            [
              28.040607000017555,
              -26.193093999948616
            ],
            [
              28.04073300004665,
              -26.192952000033518
            ],
            [
              28.041176000051646,
              -26.192659000043996
            ],
            [
              28.041370000035666,
              -26.192477999964915
            ],
            [
              28.041475000013907,
              -26.19227000005168
            ],
            [
              28.041411000011752,
              -26.191684999959918
            ],
            [
              28.04129099997535,
              -26.190945000017443
            ],
            [
              28.04122399999543,
              -26.190532000051228
            ],
            [
              28.0412040000381,
              -26.190293000006044
            ],
            [
              28.04116700004351,
              -26.189816999984572
            ],
            [
              28.041139999956844,
              -26.18979899996048
            ],
            [
              28.04109299999578,
              -26.189792000018404
            ],
            [
              28.040790000034775,
              -26.18980800001296
            ],
            [
              28.03933000001743,
              -26.189928999949988
            ],
            [
              28.03912000005194,
              -26.190019999995297
            ],
            [
              28.039035999959225,
              -26.190084999953147
            ],
            [
              28.038989000003305,
              -26.190154000013745
            ],
            [
              28.03897199997378,
              -26.19021100000599
            ],
            [
              28.038956000041612,
              -26.190471999969667
            ],
            [
              28.038989000015288,
              -26.190571999958316
            ],
            [
              28.03913900005799,
              -26.19157900000628
            ],
            [
              28.039203000031147,
              -26.192064999986485
            ],
            [
              28.039219999987633,
              -26.19212600001949
            ],
            [
              28.039232999995463,
              -26.19217299999317
            ],
            [
              28.03927900000719,
              -26.19227699996047
            ],
            [
              28.039333999988806,
              -26.19236599995157
            ],
            [
              28.039393000015348,
              -26.192439999983797
            ],
            [
              28.039466000015814,
              -26.192494999969917
            ],
            [
              28.04005499995159,
              -26.192940999967785
            ],
            [
              28.040233000029115,
              -26.193098000025167
            ],
            [
              28.040304999997787,
              -26.19316599996645
            ],
            [
              28.040364000050953,
              -26.193224999968407
            ],
            [
              28.04040500005334,
              -26.193280999985934
            ],
            [
              28.040436000012438,
              -26.193357000028758
            ],
            [
              28.040465999972515,
              -26.193488000009882
            ],
            [
              28.040507000043306,
              -26.193747999984613
            ],
            [
              28.040555999992556,
              -26.194057000034118
            ],
            [
              28.040568999986093,
              -26.194147000019417
            ],
            [
              28.04058799996859,
              -26.194281000041723
            ],
            [
              28.04064400000141,
              -26.194640000014296
            ],
            [
              28.04077199999475,
              -26.195219999981553
            ],
            [
              28.04179100000074,
              -26.19513200001046
            ]
          ],
          [
            [
              28.04639600005254,
              -26.189153999957306
            ],
            [
              28.04541400000933,
              -26.189270000006474
            ],
            [
              28.04553100000292,
              -26.19007199997147
            ],
            [
              28.044956999949616,
              -26.190138000003504
            ],
            [
              28.044846999982664,
              -26.190149999996592
            ],
            [
              28.04470999995754,
              -26.190167999979483
            ],
            [
              28.044583999942876,
              -26.190182999964325
            ],
            [
              28.0445179999653,
              -26.190187000047967
            ],
            [
              28.04441800004352,
              -26.19019999996143
            ],
            [
              28.043911999950296,
              -26.1902530000199
            ],
            [
              28.04316499999367,
              -26.19033100001822
            ],
            [
              28.041596999942282,
              -26.19048799995873
            ],
            [
              28.04150600003346,
              -26.190484999996958
            ],
            [
              28.041393000027643,
              -26.190475000052373
            ],
            [
              28.04135000002545,
              -26.190465999981335
            ],
            [
              28.04131700000789,
              -26.19044500004746
            ],
            [
              28.041281000057555,
              -26.19041099996591
            ],
            [
              28.04125399994941,
              -26.19035899999676
            ],
            [
              28.041199000001264,
              -26.189836999977288
            ],
            [
              28.04116700004351,
              -26.189816999984572
            ],
            [
              28.041165999969976,
              -26.189798999975366
            ]
          ],
          [
            [
              28.046395000047713,
              -26.18915399994881
            ],
            [
              28.047032999997832,
              -26.18908000003713
            ],
            [
              28.047199999953115,
              -26.189060999959977
            ],
            [
              28.048149999986244,
              -26.188951999982788
            ],
            [
              28.048991000040473,
              -26.188855999962183
            ],
            [
              28.04996100002808,
              -26.188744999979424
            ],
            [
              28.05065999997182,
              -26.18866399995919
            ],
            [
              28.050731999966118,
              -26.18868900001617
            ],
            [
              28.050811000012608,
              -26.18880500000859
            ],
            [
              28.050866000020008,
              -26.18893100001289
            ]
          ]
        ]
      },
      "properties": {
        "operatorId": "reavaya",
        "routeCode": "F11",
        "routeFamily": "feeder",
        "segmentIndex": 3,
        "segmentIndexStatus": "source-feature-index-not-service-sequence",
        "sourcePhase": "Phase 1B",
        "sourceType": "Feeder",
        "geometryStatus": "official-supplemental-segment",
        "geometryDirection": "unverified",
        "serviceSequence": null,
        "sourceAuthority": "City of Johannesburg",
        "sourceService": "TransportationMaster",
        "sourceLayerName": "BRT F11 Yeoville To Metro Centre",
        "sourceObjectId": 3
      }
    },
    {
      "type": "Feature",
      "id": "reavaya-t1-segment-1",
      "geometry": {
        "type": "LineString",
        "coordinates": [
          [
            28.033724999963116,
            -26.2057119999528
          ],
          [
            28.03383200004329,
            -26.206442000047332
          ]
        ]
      },
      "properties": {
        "operatorId": "reavaya",
        "routeCode": "T1",
        "routeFamily": "trunk",
        "segmentIndex": 1,
        "segmentIndexStatus": "source-feature-index-not-service-sequence",
        "sourcePhase": "Phase 1A",
        "sourceType": "Trunk",
        "geometryStatus": "official-supplemental-segment",
        "geometryDirection": "unverified",
        "serviceSequence": null,
        "sourceAuthority": "City of Johannesburg",
        "sourceService": "TransportationMaster",
        "sourceLayerName": "BRT T1 Thokoza To Ellis Park",
        "sourceObjectId": 1
      }
    },
    {
      "type": "Feature",
      "id": "reavaya-t1-segment-2",
      "geometry": {
        "type": "LineString",
        "coordinates": [
          [
            28.03383200004329,
            -26.206442000047332
          ],
          [
            28.03461200000411,
            -26.20635699998194
          ],
          [
            28.035432999958317,
            -26.20625600004855
          ],
          [
            28.036564999976758,
            -26.206122000039972
          ],
          [
            28.037033000013192,
            -26.206068000043924
          ],
          [
            28.038154999997634,
            -26.205942999969803
          ],
          [
            28.038962999994457,
            -26.205844999956636
          ],
          [
            28.03974500001686,
            -26.20574399998257
          ],
          [
            28.04057699995891,
            -26.205645999995106
          ]
        ]
      },
      "properties": {
        "operatorId": "reavaya",
        "routeCode": "T1",
        "routeFamily": "trunk",
        "segmentIndex": 2,
        "segmentIndexStatus": "source-feature-index-not-service-sequence",
        "sourcePhase": "Phase 1B",
        "sourceType": "Trunk",
        "geometryStatus": "official-supplemental-segment",
        "geometryDirection": "unverified",
        "serviceSequence": null,
        "sourceAuthority": "City of Johannesburg",
        "sourceService": "TransportationMaster",
        "sourceLayerName": "BRT T1 Thokoza To Ellis Park",
        "sourceObjectId": 2
      }
    },
    {
      "type": "Feature",
      "id": "reavaya-t1-segment-3",
      "geometry": {
        "type": "LineString",
        "coordinates": [
          [
            28.033724999963116,
            -26.2057119999528
          ],
          [
            28.0340639999902,
            -26.205628999953447
          ],
          [
            28.034137999943642,
            -26.205610999972627
          ],
          [
            28.034496999942654,
            -26.205581999951093
          ],
          [
            28.034589000020222,
            -26.205574000046223
          ],
          [
            28.035317000045357,
            -26.205484000027788
          ],
          [
            28.035646999967003,
            -26.20544299997176
          ],
          [
            28.036932000024283,
            -26.205286999965743
          ],
          [
            28.037957000010486,
            -26.205161000026685
          ],
          [
            28.03804900000982,
            -26.20515000001
          ],
          [
            28.03885600003174,
            -26.20505199998482
          ],
          [
            28.03964099996857,
            -26.204955999959527
          ],
          [
            28.040461999987155,
            -26.204857000049948
          ],
          [
            28.041264999952457,
            -26.20475899996701
          ],
          [
            28.041905999963596,
            -26.20468199995472
          ],
          [
            28.042122999972936,
            -26.20465899998638
          ]
        ]
      },
      "properties": {
        "operatorId": "reavaya",
        "routeCode": "T1",
        "routeFamily": "trunk",
        "segmentIndex": 3,
        "segmentIndexStatus": "source-feature-index-not-service-sequence",
        "sourcePhase": "Phase 1B",
        "sourceType": "Trunk",
        "geometryStatus": "official-supplemental-segment",
        "geometryDirection": "unverified",
        "serviceSequence": null,
        "sourceAuthority": "City of Johannesburg",
        "sourceService": "TransportationMaster",
        "sourceLayerName": "BRT T1 Thokoza To Ellis Park",
        "sourceObjectId": 3
      }
    },
    {
      "type": "Feature",
      "id": "reavaya-t1-segment-4",
      "geometry": {
        "type": "LineString",
        "coordinates": [
          [
            27.889829000051968,
            -26.26233099997209
          ],
          [
            27.889773999952716,
            -26.262395999961615
          ],
          [
            27.888537000056424,
            -26.262678999970234
          ],
          [
            27.88700599995958,
            -26.262960999990973
          ],
          [
            27.885705000010276,
            -26.263091999987413
          ],
          [
            27.884888000030944,
            -26.263090000004233
          ],
          [
            27.88417400001195,
            -26.263262000039656
          ],
          [
            27.883020000013065,
            -26.263355999970873
          ],
          [
            27.882159999979752,
            -26.263543999981927
          ],
          [
            27.881508999989226,
            -26.263750999967385
          ],
          [
            27.88083800002302,
            -26.263995000030846
          ],
          [
            27.880228999961222,
            -26.264314999948798
          ],
          [
            27.87964200003616,
            -26.264598000010142
          ],
          [
            27.87897499999997,
            -26.265002000044028
          ],
          [
            27.87889499996064,
            -26.265062000034597
          ],
          [
            27.878725999947207,
            -26.26518700004637
          ],
          [
            27.878541000014074,
            -26.265344000046376
          ],
          [
            27.87832700002176,
            -26.265533999995604
          ],
          [
            27.878092999994113,
            -26.26575799999179
          ],
          [
            27.87795000001928,
            -26.265902999971907
          ],
          [
            27.877811999977563,
            -26.266052999957793
          ],
          [
            27.87766300004345,
            -26.266221000014234
          ],
          [
            27.877533000035037,
            -26.26637799998076
          ],
          [
            27.87739800005423,
            -26.266547000012938
          ],
          [
            27.87723600002362,
            -26.266766000010353
          ],
          [
            27.877087000056058,
            -26.26697499997441
          ],
          [
            27.876947999978043,
            -26.267193000048298
          ],
          [
            27.876870999946654,
            -26.267313999976324
          ],
          [
            27.87607899996382,
            -26.268582999954972
          ],
          [
            27.875917999962308,
            -26.268843000028912
          ]
        ]
      },
      "properties": {
        "operatorId": "reavaya",
        "routeCode": "T1",
        "routeFamily": "trunk",
        "segmentIndex": 4,
        "segmentIndexStatus": "source-feature-index-not-service-sequence",
        "sourcePhase": "Phase 1A",
        "sourceType": "Trunk",
        "geometryStatus": "official-supplemental-segment",
        "geometryDirection": "unverified",
        "serviceSequence": null,
        "sourceAuthority": "City of Johannesburg",
        "sourceService": "TransportationMaster",
        "sourceLayerName": "BRT T1 Thokoza To Ellis Park",
        "sourceObjectId": 4
      }
    },
    {
      "type": "Feature",
      "id": "reavaya-t1-segment-5",
      "geometry": {
        "type": "LineString",
        "coordinates": [
          [
            27.93211599997199,
            -26.227293999953954
          ],
          [
            27.931296000034624,
            -26.227608999963945
          ],
          [
            27.930868000001855,
            -26.22776199998982
          ],
          [
            27.930540999987453,
            -26.22787500004204
          ],
          [
            27.929990000024183,
            -26.22805300003467
          ],
          [
            27.929429000029423,
            -26.22824599997082
          ],
          [
            27.92887100002402,
            -26.228431000011383
          ],
          [
            27.92830600004437,
            -26.2286230000063
          ],
          [
            27.927732000025557,
            -26.22881500003353
          ],
          [
            27.92702899999655,
            -26.229032000004114
          ],
          [
            27.926739999964695,
            -26.22924700002692
          ],
          [
            27.926541000038952,
            -26.22949299996679
          ],
          [
            27.925192000039267,
            -26.23130699995169
          ],
          [
            27.924879000041614,
            -26.23172200000919
          ],
          [
            27.922986999949984,
            -26.23428899996093
          ],
          [
            27.922714999944443,
            -26.234666000026273
          ],
          [
            27.922395000050876,
            -26.23509000004373
          ],
          [
            27.920168999948633,
            -26.238088999992552
          ],
          [
            27.918976999978835,
            -26.239712000017672
          ],
          [
            27.91900199996635,
            -26.240115999975128
          ],
          [
            27.918673999980435,
            -26.240328000012745
          ],
          [
            27.918535999997484,
            -26.240312999996018
          ],
          [
            27.918381999983996,
            -26.24036699999644
          ],
          [
            27.91828799997802,
            -26.240419999987804
          ],
          [
            27.918270999980354,
            -26.240513000012932
          ],
          [
            27.917636999996326,
            -26.240856999978355
          ],
          [
            27.917027999952147,
            -26.24120300004722
          ],
          [
            27.914896999960572,
            -26.242518999979758
          ],
          [
            27.914501999976277,
            -26.242801000021142
          ],
          [
            27.914297000048823,
            -26.243143999991826
          ],
          [
            27.91411300002619,
            -26.243033999962154
          ]
        ]
      },
      "properties": {
        "operatorId": "reavaya",
        "routeCode": "T1",
        "routeFamily": "trunk",
        "segmentIndex": 5,
        "segmentIndexStatus": "source-feature-index-not-service-sequence",
        "sourcePhase": "Phase 1A",
        "sourceType": "Trunk",
        "geometryStatus": "official-supplemental-segment",
        "geometryDirection": "unverified",
        "serviceSequence": null,
        "sourceAuthority": "City of Johannesburg",
        "sourceService": "TransportationMaster",
        "sourceLayerName": "BRT T1 Thokoza To Ellis Park",
        "sourceObjectId": 5
      }
    },
    {
      "type": "Feature",
      "id": "reavaya-t1-segment-6",
      "geometry": {
        "type": "LineString",
        "coordinates": [
          [
            28.03383200004329,
            -26.206442000047332
          ],
          [
            28.03392299997144,
            -26.207008999960173
          ],
          [
            28.034023000056997,
            -26.2077180000016
          ],
          [
            28.034123000029226,
            -26.20844100002433
          ],
          [
            28.03421100003922,
            -26.208990000003606
          ],
          [
            28.034281999941513,
            -26.209228000031917
          ],
          [
            28.03449699999354,
            -26.20985799995693
          ],
          [
            28.03451200001567,
            -26.209953000046664
          ],
          [
            28.034508000047914,
            -26.210070000023
          ],
          [
            28.034490999977915,
            -26.210177999971243
          ],
          [
            28.03444899994809,
            -26.210285999950845
          ],
          [
            28.034390999994443,
            -26.210385000014373
          ],
          [
            28.034303999965886,
            -26.210486000048206
          ],
          [
            28.034240999951344,
            -26.210543999950072
          ],
          [
            28.033386000050484,
            -26.211323999982497
          ],
          [
            28.033043999953296,
            -26.211579000043844
          ],
          [
            28.03264700004704,
            -26.21190000002829
          ],
          [
            28.03228699995638,
            -26.21214899996722
          ],
          [
            28.031927000040803,
            -26.212407999983235
          ],
          [
            28.03058100002458,
            -26.212972000020603
          ],
          [
            28.030150999948898,
            -26.213205999985757
          ],
          [
            28.02998899995249,
            -26.21352599997707
          ],
          [
            28.03013000005751,
            -26.213795999992094
          ],
          [
            28.030390000053814,
            -26.214098000047194
          ],
          [
            28.030425999982256,
            -26.21438099997693
          ],
          [
            28.030255000028724,
            -26.214599000040185
          ],
          [
            28.02996699997175,
            -26.214779999977097
          ],
          [
            28.02928499996933,
            -26.214938000020307
          ],
          [
            28.028991000026437,
            -26.21514099996047
          ],
          [
            28.028819999983707,
            -26.215433000024863
          ],
          [
            28.02817299994736,
            -26.217102999995046
          ],
          [
            28.02778999998559,
            -26.21786800004472
          ],
          [
            28.027014000036527,
            -26.21922500002061
          ],
          [
            28.026834999942714,
            -26.21943400004148
          ],
          [
            28.02653799996019,
            -26.219629999968802
          ],
          [
            28.026023999980545,
            -26.219807000020676
          ],
          [
            28.02486799995569,
            -26.21988299998802
          ],
          [
            28.02480000005805,
            -26.220054000004264
          ],
          [
            28.025040000012048,
            -26.220304000014703
          ],
          [
            28.025088000031516,
            -26.220595000027384
          ],
          [
            28.02508799999208,
            -26.220928999963494
          ],
          [
            28.024871999954968,
            -26.22159799995766
          ],
          [
            28.0246780000301,
            -26.22219199997307
          ],
          [
            28.02436599996293,
            -26.222662000048743
          ],
          [
            28.02288500001245,
            -26.223611000001736
          ],
          [
            28.022636999982062,
            -26.223954000014228
          ],
          [
            28.022506999954615,
            -26.224371000002954
          ],
          [
            28.02232999999176,
            -26.22525800000389
          ],
          [
            28.022081999948913,
            -26.22677499995397
          ],
          [
            28.022069999955132,
            -26.227796999966753
          ],
          [
            28.021787999958914,
            -26.228353000018867
          ],
          [
            28.02132399995129,
            -26.228756000020525
          ],
          [
            28.020659000018124,
            -26.229060000032913
          ],
          [
            28.019467000040432,
            -26.22926599998494
          ],
          [
            28.018826999954072,
            -26.22923400003087
          ]
        ]
      },
      "properties": {
        "operatorId": "reavaya",
        "routeCode": "T1",
        "routeFamily": "trunk",
        "segmentIndex": 6,
        "segmentIndexStatus": "source-feature-index-not-service-sequence",
        "sourcePhase": "Phase 1A",
        "sourceType": "Trunk",
        "geometryStatus": "official-supplemental-segment",
        "geometryDirection": "unverified",
        "serviceSequence": null,
        "sourceAuthority": "City of Johannesburg",
        "sourceService": "TransportationMaster",
        "sourceLayerName": "BRT T1 Thokoza To Ellis Park",
        "sourceObjectId": 6
      }
    },
    {
      "type": "Feature",
      "id": "reavaya-t1-segment-7",
      "geometry": {
        "type": "LineString",
        "coordinates": [
          [
            28.018826999954072,
            -26.22923400003087
          ],
          [
            28.018126999946958,
            -26.229198999984316
          ],
          [
            28.01728200003305,
            -26.228939999972045
          ],
          [
            28.01657299998498,
            -26.228861000024363
          ],
          [
            28.015852999967247,
            -26.229039000032756
          ],
          [
            28.01469500004488,
            -26.229361999959547
          ],
          [
            28.0104139999898,
            -26.229715999973497
          ],
          [
            28.009356000026923,
            -26.22968699997034
          ],
          [
            28.00513600002937,
            -26.228828999962687
          ],
          [
            28.004162999944047,
            -26.228676000042693
          ],
          [
            28.003040999994493,
            -26.228699999983277
          ],
          [
            28.001189000043997,
            -26.228950999958
          ],
          [
            27.99254099996352,
            -26.23007199999888
          ],
          [
            27.984802999981888,
            -26.231108000046813
          ],
          [
            27.98105799997231,
            -26.231587000037724
          ],
          [
            27.97920100001576,
            -26.231997999955606
          ],
          [
            27.972864000053725,
            -26.2341570000004
          ],
          [
            27.971966999965666,
            -26.2342319999594
          ],
          [
            27.97095799996391,
            -26.234037999990466
          ],
          [
            27.969664000006105,
            -26.233695000010552
          ],
          [
            27.962672999965566,
            -26.231716000048447
          ],
          [
            27.961624000054353,
            -26.231560999972046
          ],
          [
            27.960502999977592,
            -26.23144399995874
          ],
          [
            27.959587999999346,
            -26.23169000000798
          ],
          [
            27.95877699999534,
            -26.231955000033125
          ],
          [
            27.95740500004099,
            -26.232682999975086
          ],
          [
            27.95645199995289,
            -26.233324999980955
          ],
          [
            27.95532799998769,
            -26.23357300000906
          ],
          [
            27.954441000035715,
            -26.233649999974084
          ],
          [
            27.95330700002307,
            -26.23346300003772
          ],
          [
            27.95161999996253,
            -26.233147000051776
          ],
          [
            27.950997999944594,
            -26.233158999953396
          ],
          [
            27.94941499995149,
            -26.23340100002006
          ],
          [
            27.94485599999172,
            -26.234261000041986
          ],
          [
            27.943455999982543,
            -26.234454000052246
          ],
          [
            27.940854000037202,
            -26.23415100003051
          ],
          [
            27.939509999979034,
            -26.23354100004383
          ],
          [
            27.938183000056842,
            -26.23294299998847
          ],
          [
            27.937735999968684,
            -26.232549999950646
          ],
          [
            27.937306999970335,
            -26.232140000003497
          ],
          [
            27.936803999999153,
            -26.23167899996536
          ],
          [
            27.93644999994206,
            -26.231303000001034
          ],
          [
            27.936040999956333,
            -26.230892999955742
          ],
          [
            27.93211599997199,
            -26.227293999953954
          ]
        ]
      },
      "properties": {
        "operatorId": "reavaya",
        "routeCode": "T1",
        "routeFamily": "trunk",
        "segmentIndex": 7,
        "segmentIndexStatus": "source-feature-index-not-service-sequence",
        "sourcePhase": "Phase 1A",
        "sourceType": "Trunk",
        "geometryStatus": "official-supplemental-segment",
        "geometryDirection": "unverified",
        "serviceSequence": null,
        "sourceAuthority": "City of Johannesburg",
        "sourceService": "TransportationMaster",
        "sourceLayerName": "BRT T1 Thokoza To Ellis Park",
        "sourceObjectId": 7
      }
    },
    {
      "type": "Feature",
      "id": "reavaya-t1-segment-8",
      "geometry": {
        "type": "LineString",
        "coordinates": [
          [
            28.033724999963116,
            -26.2057119999528
          ],
          [
            28.03383200004329,
            -26.206442000047332
          ]
        ]
      },
      "properties": {
        "operatorId": "reavaya",
        "routeCode": "T1",
        "routeFamily": "trunk",
        "segmentIndex": 8,
        "segmentIndexStatus": "source-feature-index-not-service-sequence",
        "sourcePhase": "Phase 1A",
        "sourceType": "Trunk",
        "geometryStatus": "official-supplemental-segment",
        "geometryDirection": "unverified",
        "serviceSequence": null,
        "sourceAuthority": "City of Johannesburg",
        "sourceService": "TransportationMaster",
        "sourceLayerName": "BRT T1 Thokoza To Ellis Park",
        "sourceObjectId": 8
      }
    },
    {
      "type": "Feature",
      "id": "reavaya-t1-segment-9",
      "geometry": {
        "type": "LineString",
        "coordinates": [
          [
            28.03383200004329,
            -26.206442000047332
          ],
          [
            28.03461200000411,
            -26.20635699998194
          ],
          [
            28.035432999958317,
            -26.20625600004855
          ],
          [
            28.036564999976758,
            -26.206122000039972
          ],
          [
            28.037033000013192,
            -26.206068000043924
          ],
          [
            28.038154999997634,
            -26.205942999969803
          ],
          [
            28.038962999994457,
            -26.205844999956636
          ],
          [
            28.03974500001686,
            -26.20574399998257
          ],
          [
            28.04057699995891,
            -26.205645999995106
          ],
          [
            28.041380999956143,
            -26.205554000044256
          ],
          [
            28.042234999989205,
            -26.20545600003385
          ],
          [
            28.043208999949638,
            -26.20534000000334
          ],
          [
            28.04403100002305,
            -26.205252999979802
          ],
          [
            28.044830000024312,
            -26.20515500004663
          ],
          [
            28.045633000048753,
            -26.205064999956832
          ],
          [
            28.04743600001458,
            -26.20485400004297
          ],
          [
            28.04839299997979,
            -26.204742999960015
          ],
          [
            28.049188000005213,
            -26.204648999957474
          ],
          [
            28.050163999945323,
            -26.204542999996523
          ],
          [
            28.0509729999583,
            -26.204455000030144
          ]
        ]
      },
      "properties": {
        "operatorId": "reavaya",
        "routeCode": "T1",
        "routeFamily": "trunk",
        "segmentIndex": 9,
        "segmentIndexStatus": "source-feature-index-not-service-sequence",
        "sourcePhase": "Phase 1B",
        "sourceType": "Trunk",
        "geometryStatus": "official-supplemental-segment",
        "geometryDirection": "unverified",
        "serviceSequence": null,
        "sourceAuthority": "City of Johannesburg",
        "sourceService": "TransportationMaster",
        "sourceLayerName": "BRT T1 Thokoza To Ellis Park",
        "sourceObjectId": 9
      }
    },
    {
      "type": "Feature",
      "id": "reavaya-t1-segment-10",
      "geometry": {
        "type": "LineString",
        "coordinates": [
          [
            28.033724999963116,
            -26.2057119999528
          ],
          [
            28.0340639999902,
            -26.205628999953447
          ],
          [
            28.034137999943642,
            -26.205610999972627
          ],
          [
            28.034496999942654,
            -26.205581999951093
          ],
          [
            28.034589000020222,
            -26.205574000046223
          ],
          [
            28.035317000045357,
            -26.205484000027788
          ],
          [
            28.035646999967003,
            -26.20544299997176
          ],
          [
            28.036932000024283,
            -26.205286999965743
          ],
          [
            28.037957000010486,
            -26.205161000026685
          ],
          [
            28.03804900000982,
            -26.20515000001
          ],
          [
            28.03885600003174,
            -26.20505199998482
          ],
          [
            28.03964099996857,
            -26.204955999959527
          ],
          [
            28.040461999987155,
            -26.204857000049948
          ],
          [
            28.041264999952457,
            -26.20475899996701
          ],
          [
            28.041905999963596,
            -26.20468199995472
          ],
          [
            28.042122999972936,
            -26.20465899998638
          ],
          [
            28.04310599996839,
            -26.204551999999246
          ],
          [
            28.04391899999975,
            -26.204463000017164
          ],
          [
            28.0447149999624,
            -26.20437799998244
          ],
          [
            28.045255999983034,
            -26.204317999970442
          ],
          [
            28.045532999974846,
            -26.204288999970267
          ],
          [
            28.046484999981494,
            -26.204181999955036
          ],
          [
            28.047334000036898,
            -26.204086000030603
          ],
          [
            28.04817700005513,
            -26.20399199996777
          ],
          [
            28.04828800000824,
            -26.203980000023808
          ],
          [
            28.049085999981703,
            -26.203883000049988
          ]
        ]
      },
      "properties": {
        "operatorId": "reavaya",
        "routeCode": "T1",
        "routeFamily": "trunk",
        "segmentIndex": 10,
        "segmentIndexStatus": "source-feature-index-not-service-sequence",
        "sourcePhase": "Phase 1B",
        "sourceType": "Trunk",
        "geometryStatus": "official-supplemental-segment",
        "geometryDirection": "unverified",
        "serviceSequence": null,
        "sourceAuthority": "City of Johannesburg",
        "sourceService": "TransportationMaster",
        "sourceLayerName": "BRT T1 Thokoza To Ellis Park",
        "sourceObjectId": 10
      }
    },
    {
      "type": "Feature",
      "id": "reavaya-t1-segment-11",
      "geometry": {
        "type": "LineString",
        "coordinates": [
          [
            28.048556000004634,
            -26.200102999975936
          ],
          [
            28.048662000036853,
            -26.200871000029654
          ],
          [
            28.048767999984893,
            -26.201638000026204
          ],
          [
            28.04887300001439,
            -26.202406000038717
          ],
          [
            28.048979999943445,
            -26.203146999974187
          ],
          [
            28.049085999981703,
            -26.203883000049988
          ]
        ]
      },
      "properties": {
        "operatorId": "reavaya",
        "routeCode": "T1",
        "routeFamily": "trunk",
        "segmentIndex": 11,
        "segmentIndexStatus": "source-feature-index-not-service-sequence",
        "sourcePhase": "Phase 1B",
        "sourceType": "Trunk",
        "geometryStatus": "official-supplemental-segment",
        "geometryDirection": "unverified",
        "serviceSequence": null,
        "sourceAuthority": "City of Johannesburg",
        "sourceService": "TransportationMaster",
        "sourceLayerName": "BRT T1 Thokoza To Ellis Park",
        "sourceObjectId": 11
      }
    },
    {
      "type": "Feature",
      "id": "reavaya-t1-segment-12",
      "geometry": {
        "type": "LineString",
        "coordinates": [
          [
            28.048345999990634,
            -26.19779599996381
          ],
          [
            28.048438000008638,
            -26.197784999976385
          ],
          [
            28.049381000052044,
            -26.197677999954298
          ],
          [
            28.05021500002918,
            -26.1975839999904
          ],
          [
            28.050292000012227,
            -26.19815399995404
          ],
          [
            28.05032299994215,
            -26.198367999972668
          ],
          [
            28.05043399996457,
            -26.19911999995989
          ],
          [
            28.050543999966884,
            -26.199876999999603
          ],
          [
            28.050456999953568,
            -26.199969000021927
          ],
          [
            28.050399000037537,
            -26.200045000003716
          ],
          [
            28.050377999946758,
            -26.200117000031373
          ],
          [
            28.050445000012555,
            -26.200673000001633
          ],
          [
            28.050453000026735,
            -26.200726999971856
          ],
          [
            28.050540999951806,
            -26.201350000032743
          ],
          [
            28.050556000019615,
            -26.201451999985682
          ],
          [
            28.050666999956032,
            -26.202203999991134
          ],
          [
            28.05069399998429,
            -26.202384999991704
          ],
          [
            28.050766999994185,
            -26.202946999993102
          ],
          [
            28.050784999980696,
            -26.203087000050385
          ],
          [
            28.050866000024236,
            -26.203694000028722
          ],
          [
            28.050885000055164,
            -26.203846000018373
          ],
          [
            28.0509729999583,
            -26.204455000030144
          ]
        ]
      },
      "properties": {
        "operatorId": "reavaya",
        "routeCode": "T1",
        "routeFamily": "trunk",
        "segmentIndex": 12,
        "segmentIndexStatus": "source-feature-index-not-service-sequence",
        "sourcePhase": "Phase 1B",
        "sourceType": "Trunk",
        "geometryStatus": "official-supplemental-segment",
        "geometryDirection": "unverified",
        "serviceSequence": null,
        "sourceAuthority": "City of Johannesburg",
        "sourceService": "TransportationMaster",
        "sourceLayerName": "BRT T1 Thokoza To Ellis Park",
        "sourceObjectId": 12
      }
    },
    {
      "type": "Feature",
      "id": "reavaya-t1-segment-13",
      "geometry": {
        "type": "LineString",
        "coordinates": [
          [
            28.04706500000154,
            -26.193917000033593
          ],
          [
            28.047134999967962,
            -26.194394000031554
          ],
          [
            28.047158000052868,
            -26.19452099996384
          ],
          [
            28.04716600001151,
            -26.194569999953913
          ],
          [
            28.047231000006665,
            -26.194634000032565
          ],
          [
            28.047302999970416,
            -26.19464600004632
          ],
          [
            28.047488999977233,
            -26.19462600004784
          ],
          [
            28.04758499995462,
            -26.194619999990177
          ],
          [
            28.04764599996163,
            -26.194632000030012
          ],
          [
            28.047707999992816,
            -26.1946599999507
          ],
          [
            28.047754000031535,
            -26.194700000038356
          ],
          [
            28.04778899998976,
            -26.1947460000002
          ],
          [
            28.04782100002966,
            -26.19481999994884
          ],
          [
            28.047850000051152,
            -26.19494500002553
          ],
          [
            28.04799100000067,
            -26.195942999963986
          ],
          [
            28.04810000001336,
            -26.19671300003519
          ],
          [
            28.048118999946514,
            -26.196808000007398
          ],
          [
            28.048144999974266,
            -26.19689399997653
          ],
          [
            28.04818600004146,
            -26.196988999992357
          ],
          [
            28.048243999980066,
            -26.19714300001893
          ],
          [
            28.048272999946303,
            -26.197240000006026
          ],
          [
            28.048305999968424,
            -26.197493000014063
          ],
          [
            28.048345999990634,
            -26.19779599996381
          ]
        ]
      },
      "properties": {
        "operatorId": "reavaya",
        "routeCode": "T1",
        "routeFamily": "trunk",
        "segmentIndex": 13,
        "segmentIndexStatus": "source-feature-index-not-service-sequence",
        "sourcePhase": "Phase 1B",
        "sourceType": "Trunk",
        "geometryStatus": "official-supplemental-segment",
        "geometryDirection": "unverified",
        "serviceSequence": null,
        "sourceAuthority": "City of Johannesburg",
        "sourceService": "TransportationMaster",
        "sourceLayerName": "BRT T1 Thokoza To Ellis Park",
        "sourceObjectId": 13
      }
    },
    {
      "type": "Feature",
      "id": "reavaya-t1-segment-14",
      "geometry": {
        "type": "LineString",
        "coordinates": [
          [
            28.04706500000154,
            -26.193917000033593
          ],
          [
            28.047878000000548,
            -26.19381900000387
          ],
          [
            28.04884600000446,
            -26.193703999956348
          ],
          [
            28.049653999941963,
            -26.193605000017744
          ],
          [
            28.0502309999729,
            -26.19354399997
          ],
          [
            28.050626999995036,
            -26.193500999982707
          ],
          [
            28.05087799995534,
            -26.19350700004908
          ],
          [
            28.051028999971336,
            -26.193535000033705
          ],
          [
            28.05144300004219,
            -26.193695999969336
          ],
          [
            28.05170200000632,
            -26.193810000009428
          ],
          [
            28.051895000007047,
            -26.193833999999047
          ],
          [
            28.05205599996134,
            -26.19382000001936
          ],
          [
            28.0522780000367,
            -26.193764999998248
          ]
        ]
      },
      "properties": {
        "operatorId": "reavaya",
        "routeCode": "T1",
        "routeFamily": "trunk",
        "segmentIndex": 14,
        "segmentIndexStatus": "source-feature-index-not-service-sequence",
        "sourcePhase": "Phase 1B",
        "sourceType": "Trunk",
        "geometryStatus": "official-supplemental-segment",
        "geometryDirection": "unverified",
        "serviceSequence": null,
        "sourceAuthority": "City of Johannesburg",
        "sourceService": "TransportationMaster",
        "sourceLayerName": "BRT T1 Thokoza To Ellis Park",
        "sourceObjectId": 14
      }
    },
    {
      "type": "Feature",
      "id": "reavaya-t1-segment-15",
      "geometry": {
        "type": "LineString",
        "coordinates": [
          [
            28.048561999973057,
            -26.200106000046745
          ],
          [
            28.048726999984464,
            -26.20008400003449
          ],
          [
            28.048633000053155,
            -26.199327000044136
          ],
          [
            28.048539000034918,
            -26.19857099997279
          ],
          [
            28.048438000008638,
            -26.197784999976385
          ]
        ]
      },
      "properties": {
        "operatorId": "reavaya",
        "routeCode": "T1",
        "routeFamily": "trunk",
        "segmentIndex": 15,
        "segmentIndexStatus": "source-feature-index-not-service-sequence",
        "sourcePhase": "Phase 1A",
        "sourceType": "Trunk",
        "geometryStatus": "official-supplemental-segment",
        "geometryDirection": "unverified",
        "serviceSequence": null,
        "sourceAuthority": "City of Johannesburg",
        "sourceService": "TransportationMaster",
        "sourceLayerName": "BRT T1 Thokoza To Ellis Park",
        "sourceObjectId": 15
      }
    },
    {
      "type": "Feature",
      "id": "reavaya-t1-segment-16",
      "geometry": {
        "type": "LineString",
        "coordinates": [
          [
            27.889829000051968,
            -26.26233099997209
          ],
          [
            27.889773999952716,
            -26.262395999961615
          ],
          [
            27.888537000056424,
            -26.262678999970234
          ],
          [
            27.88700599995958,
            -26.262960999990973
          ],
          [
            27.885705000010276,
            -26.263091999987413
          ],
          [
            27.884888000030944,
            -26.263090000004233
          ],
          [
            27.88417400001195,
            -26.263262000039656
          ],
          [
            27.883020000013065,
            -26.263355999970873
          ],
          [
            27.882159999979752,
            -26.263543999981927
          ],
          [
            27.881508999989226,
            -26.263750999967385
          ],
          [
            27.88083800002302,
            -26.263995000030846
          ],
          [
            27.880228999961222,
            -26.264314999948798
          ],
          [
            27.87964200003616,
            -26.264598000010142
          ],
          [
            27.87897499999997,
            -26.265002000044028
          ],
          [
            27.87889499996064,
            -26.265062000034597
          ],
          [
            27.878725999947207,
            -26.26518700004637
          ],
          [
            27.878541000014074,
            -26.265344000046376
          ],
          [
            27.87832700002176,
            -26.265533999995604
          ],
          [
            27.878092999994113,
            -26.26575799999179
          ],
          [
            27.87795000001928,
            -26.265902999971907
          ],
          [
            27.877811999977563,
            -26.266052999957793
          ],
          [
            27.87766300004345,
            -26.266221000014234
          ],
          [
            27.877533000035037,
            -26.26637799998076
          ],
          [
            27.87739800005423,
            -26.266547000012938
          ],
          [
            27.87723600002362,
            -26.266766000010353
          ],
          [
            27.877087000056058,
            -26.26697499997441
          ],
          [
            27.876947999978043,
            -26.267193000048298
          ],
          [
            27.876870999946654,
            -26.267313999976324
          ],
          [
            27.87607899996382,
            -26.268582999954972
          ],
          [
            27.875917999962308,
            -26.268843000028912
          ]
        ]
      },
      "properties": {
        "operatorId": "reavaya",
        "routeCode": "T1",
        "routeFamily": "trunk",
        "segmentIndex": 16,
        "segmentIndexStatus": "source-feature-index-not-service-sequence",
        "sourcePhase": "Phase 1A",
        "sourceType": "Trunk",
        "geometryStatus": "official-supplemental-segment",
        "geometryDirection": "unverified",
        "serviceSequence": null,
        "sourceAuthority": "City of Johannesburg",
        "sourceService": "TransportationMaster",
        "sourceLayerName": "BRT T1 Thokoza To Ellis Park",
        "sourceObjectId": 16
      }
    },
    {
      "type": "Feature",
      "id": "reavaya-t1-segment-17",
      "geometry": {
        "type": "LineString",
        "coordinates": [
          [
            27.93211599997199,
            -26.227293999953954
          ],
          [
            27.931296000034624,
            -26.227608999963945
          ],
          [
            27.930868000001855,
            -26.22776199998982
          ],
          [
            27.930540999987453,
            -26.22787500004204
          ],
          [
            27.929990000024183,
            -26.22805300003467
          ],
          [
            27.929429000029423,
            -26.22824599997082
          ],
          [
            27.92887100002402,
            -26.228431000011383
          ],
          [
            27.92830600004437,
            -26.2286230000063
          ],
          [
            27.927732000025557,
            -26.22881500003353
          ],
          [
            27.92702899999655,
            -26.229032000004114
          ],
          [
            27.926739999964695,
            -26.22924700002692
          ],
          [
            27.926541000038952,
            -26.22949299996679
          ],
          [
            27.925192000039267,
            -26.23130699995169
          ],
          [
            27.924879000041614,
            -26.23172200000919
          ],
          [
            27.922986999949984,
            -26.23428899996093
          ],
          [
            27.922714999944443,
            -26.234666000026273
          ],
          [
            27.922395000050876,
            -26.23509000004373
          ],
          [
            27.920168999948633,
            -26.238088999992552
          ],
          [
            27.918976999978835,
            -26.239712000017672
          ],
          [
            27.91900199996635,
            -26.240115999975128
          ],
          [
            27.918673999980435,
            -26.240328000012745
          ],
          [
            27.918535999997484,
            -26.240312999996018
          ],
          [
            27.918381999983996,
            -26.24036699999644
          ],
          [
            27.91828799997802,
            -26.240419999987804
          ],
          [
            27.918270999980354,
            -26.240513000012932
          ],
          [
            27.917636999996326,
            -26.240856999978355
          ],
          [
            27.917027999952147,
            -26.24120300004722
          ],
          [
            27.914896999960572,
            -26.242518999979758
          ],
          [
            27.914501999976277,
            -26.242801000021142
          ],
          [
            27.914297000048823,
            -26.243143999991826
          ],
          [
            27.91411300002619,
            -26.243033999962154
          ]
        ]
      },
      "properties": {
        "operatorId": "reavaya",
        "routeCode": "T1",
        "routeFamily": "trunk",
        "segmentIndex": 17,
        "segmentIndexStatus": "source-feature-index-not-service-sequence",
        "sourcePhase": "Phase 1A",
        "sourceType": "Trunk",
        "geometryStatus": "official-supplemental-segment",
        "geometryDirection": "unverified",
        "serviceSequence": null,
        "sourceAuthority": "City of Johannesburg",
        "sourceService": "TransportationMaster",
        "sourceLayerName": "BRT T1 Thokoza To Ellis Park",
        "sourceObjectId": 17
      }
    },
    {
      "type": "Feature",
      "id": "reavaya-t1-segment-18",
      "geometry": {
        "type": "LineString",
        "coordinates": [
          [
            28.05148999997518,
            -26.19402100002032
          ],
          [
            28.051876999994025,
            -26.1939630000144
          ],
          [
            28.052020000039004,
            -26.193920999949245
          ],
          [
            28.0522780000367,
            -26.193764999998248
          ],
          [
            28.052572000044293,
            -26.19360200000778
          ],
          [
            28.053295999977475,
            -26.193205000047
          ],
          [
            28.054431000034707,
            -26.19259000000348
          ],
          [
            28.055315999969473,
            -26.192108000047266
          ],
          [
            28.056463000034668,
            -26.191476999986087
          ]
        ]
      },
      "properties": {
        "operatorId": "reavaya",
        "routeCode": "T1",
        "routeFamily": "trunk",
        "segmentIndex": 18,
        "segmentIndexStatus": "source-feature-index-not-service-sequence",
        "sourcePhase": "Phase 1A",
        "sourceType": "Trunk",
        "geometryStatus": "official-supplemental-segment",
        "geometryDirection": "unverified",
        "serviceSequence": null,
        "sourceAuthority": "City of Johannesburg",
        "sourceService": "TransportationMaster",
        "sourceLayerName": "BRT T1 Thokoza To Ellis Park",
        "sourceObjectId": 18
      }
    },
    {
      "type": "Feature",
      "id": "reavaya-t1-segment-19",
      "geometry": {
        "type": "LineString",
        "coordinates": [
          [
            28.047158000052868,
            -26.19452099996384
          ],
          [
            28.047962999966682,
            -26.194429000030816
          ],
          [
            28.04891700004842,
            -26.194304999965787
          ],
          [
            28.049758000043585,
            -26.194204000035555
          ],
          [
            28.050715000037005,
            -26.19411500004055
          ],
          [
            28.05148999997518,
            -26.19402100002032
          ]
        ]
      },
      "properties": {
        "operatorId": "reavaya",
        "routeCode": "T1",
        "routeFamily": "trunk",
        "segmentIndex": 19,
        "segmentIndexStatus": "source-feature-index-not-service-sequence",
        "sourcePhase": "Phase 1A",
        "sourceType": "Trunk",
        "geometryStatus": "official-supplemental-segment",
        "geometryDirection": "unverified",
        "serviceSequence": null,
        "sourceAuthority": "City of Johannesburg",
        "sourceService": "TransportationMaster",
        "sourceLayerName": "BRT T1 Thokoza To Ellis Park",
        "sourceObjectId": 19
      }
    },
    {
      "type": "Feature",
      "id": "reavaya-t1-segment-20",
      "geometry": {
        "type": "LineString",
        "coordinates": [
          [
            28.03383200004329,
            -26.206442000047332
          ],
          [
            28.03392299997144,
            -26.207008999960173
          ],
          [
            28.034023000056997,
            -26.2077180000016
          ],
          [
            28.034123000029226,
            -26.20844100002433
          ],
          [
            28.03421100003922,
            -26.208990000003606
          ],
          [
            28.034281999941513,
            -26.209228000031917
          ],
          [
            28.03449699999354,
            -26.20985799995693
          ],
          [
            28.03451200001567,
            -26.209953000046664
          ],
          [
            28.034508000047914,
            -26.210070000023
          ],
          [
            28.034490999977915,
            -26.210177999971243
          ],
          [
            28.03444899994809,
            -26.210285999950845
          ],
          [
            28.034390999994443,
            -26.210385000014373
          ],
          [
            28.034303999965886,
            -26.210486000048206
          ],
          [
            28.034240999951344,
            -26.210543999950072
          ],
          [
            28.033386000050484,
            -26.211323999982497
          ],
          [
            28.033043999953296,
            -26.211579000043844
          ],
          [
            28.03264700004704,
            -26.21190000002829
          ],
          [
            28.03228699995638,
            -26.21214899996722
          ],
          [
            28.031927000040803,
            -26.212407999983235
          ],
          [
            28.03058100002458,
            -26.212972000020603
          ],
          [
            28.030150999948898,
            -26.213205999985757
          ],
          [
            28.02998899995249,
            -26.21352599997707
          ],
          [
            28.03013000005751,
            -26.213795999992094
          ],
          [
            28.030390000053814,
            -26.214098000047194
          ],
          [
            28.030425999982256,
            -26.21438099997693
          ],
          [
            28.030255000028724,
            -26.214599000040185
          ],
          [
            28.02996699997175,
            -26.214779999977097
          ],
          [
            28.02928499996933,
            -26.214938000020307
          ],
          [
            28.028991000026437,
            -26.21514099996047
          ],
          [
            28.028819999983707,
            -26.215433000024863
          ],
          [
            28.02817299994736,
            -26.217102999995046
          ],
          [
            28.02778999998559,
            -26.21786800004472
          ],
          [
            28.027014000036527,
            -26.21922500002061
          ],
          [
            28.026834999942714,
            -26.21943400004148
          ],
          [
            28.02653799996019,
            -26.219629999968802
          ],
          [
            28.026023999980545,
            -26.219807000020676
          ],
          [
            28.02486799995569,
            -26.21988299998802
          ],
          [
            28.02480000005805,
            -26.220054000004264
          ],
          [
            28.025040000012048,
            -26.220304000014703
          ],
          [
            28.025088000031516,
            -26.220595000027384
          ],
          [
            28.02508799999208,
            -26.220928999963494
          ],
          [
            28.024871999954968,
            -26.22159799995766
          ],
          [
            28.0246780000301,
            -26.22219199997307
          ],
          [
            28.02436599996293,
            -26.222662000048743
          ],
          [
            28.02288500001245,
            -26.223611000001736
          ],
          [
            28.022636999982062,
            -26.223954000014228
          ],
          [
            28.022506999954615,
            -26.224371000002954
          ],
          [
            28.02232999999176,
            -26.22525800000389
          ],
          [
            28.022081999948913,
            -26.22677499995397
          ],
          [
            28.022069999955132,
            -26.227796999966753
          ],
          [
            28.021787999958914,
            -26.228353000018867
          ],
          [
            28.02132399995129,
            -26.228756000020525
          ],
          [
            28.020659000018124,
            -26.229060000032913
          ],
          [
            28.019467000040432,
            -26.22926599998494
          ],
          [
            28.018826999954072,
            -26.22923400003087
          ]
        ]
      },
      "properties": {
        "operatorId": "reavaya",
        "routeCode": "T1",
        "routeFamily": "trunk",
        "segmentIndex": 20,
        "segmentIndexStatus": "source-feature-index-not-service-sequence",
        "sourcePhase": "Phase 1A",
        "sourceType": "Trunk",
        "geometryStatus": "official-supplemental-segment",
        "geometryDirection": "unverified",
        "serviceSequence": null,
        "sourceAuthority": "City of Johannesburg",
        "sourceService": "TransportationMaster",
        "sourceLayerName": "BRT T1 Thokoza To Ellis Park",
        "sourceObjectId": 20
      }
    },
    {
      "type": "Feature",
      "id": "reavaya-t1-segment-21",
      "geometry": {
        "type": "LineString",
        "coordinates": [
          [
            28.018826999954072,
            -26.22923400003087
          ],
          [
            28.018126999946958,
            -26.229198999984316
          ],
          [
            28.01728200003305,
            -26.228939999972045
          ],
          [
            28.01657299998498,
            -26.228861000024363
          ],
          [
            28.015852999967247,
            -26.229039000032756
          ],
          [
            28.01469500004488,
            -26.229361999959547
          ],
          [
            28.0104139999898,
            -26.229715999973497
          ],
          [
            28.009356000026923,
            -26.22968699997034
          ],
          [
            28.00513600002937,
            -26.228828999962687
          ],
          [
            28.004162999944047,
            -26.228676000042693
          ],
          [
            28.003040999994493,
            -26.228699999983277
          ],
          [
            28.001189000043997,
            -26.228950999958
          ],
          [
            27.99254099996352,
            -26.23007199999888
          ],
          [
            27.984802999981888,
            -26.231108000046813
          ],
          [
            27.98105799997231,
            -26.231587000037724
          ],
          [
            27.97920100001576,
            -26.231997999955606
          ],
          [
            27.972864000053725,
            -26.2341570000004
          ],
          [
            27.971966999965666,
            -26.2342319999594
          ],
          [
            27.97095799996391,
            -26.234037999990466
          ],
          [
            27.969664000006105,
            -26.233695000010552
          ],
          [
            27.962672999965566,
            -26.231716000048447
          ],
          [
            27.961624000054353,
            -26.231560999972046
          ],
          [
            27.960502999977592,
            -26.23144399995874
          ],
          [
            27.959587999999346,
            -26.23169000000798
          ],
          [
            27.95877699999534,
            -26.231955000033125
          ],
          [
            27.95740500004099,
            -26.232682999975086
          ],
          [
            27.95645199995289,
            -26.233324999980955
          ],
          [
            27.95532799998769,
            -26.23357300000906
          ],
          [
            27.954441000035715,
            -26.233649999974084
          ],
          [
            27.95330700002307,
            -26.23346300003772
          ],
          [
            27.95161999996253,
            -26.233147000051776
          ],
          [
            27.950997999944594,
            -26.233158999953396
          ],
          [
            27.94941499995149,
            -26.23340100002006
          ],
          [
            27.94485599999172,
            -26.234261000041986
          ],
          [
            27.943455999982543,
            -26.234454000052246
          ],
          [
            27.940854000037202,
            -26.23415100003051
          ],
          [
            27.939509999979034,
            -26.23354100004383
          ],
          [
            27.938183000056842,
            -26.23294299998847
          ],
          [
            27.937735999968684,
            -26.232549999950646
          ],
          [
            27.937306999970335,
            -26.232140000003497
          ],
          [
            27.936803999999153,
            -26.23167899996536
          ],
          [
            27.93644999994206,
            -26.231303000001034
          ],
          [
            27.936040999956333,
            -26.230892999955742
          ],
          [
            27.93211599997199,
            -26.227293999953954
          ]
        ]
      },
      "properties": {
        "operatorId": "reavaya",
        "routeCode": "T1",
        "routeFamily": "trunk",
        "segmentIndex": 21,
        "segmentIndexStatus": "source-feature-index-not-service-sequence",
        "sourcePhase": "Phase 1A",
        "sourceType": "Trunk",
        "geometryStatus": "official-supplemental-segment",
        "geometryDirection": "unverified",
        "serviceSequence": null,
        "sourceAuthority": "City of Johannesburg",
        "sourceService": "TransportationMaster",
        "sourceLayerName": "BRT T1 Thokoza To Ellis Park",
        "sourceObjectId": 21
      }
    },
    {
      "type": "Feature",
      "id": "reavaya-t1-segment-22",
      "geometry": {
        "type": "LineString",
        "coordinates": [
          [
            28.056463000034668,
            -26.191476999986087
          ],
          [
            28.05666999999051,
            -26.191386000023183
          ],
          [
            28.05684500005306,
            -26.191361999983258
          ],
          [
            28.057059000033203,
            -26.19137100004388
          ],
          [
            28.057459999945994,
            -26.19141999995228
          ],
          [
            28.058003000047933,
            -26.191456000027014
          ],
          [
            28.058112999999423,
            -26.191464999969245
          ],
          [
            28.059770999978042,
            -26.19145400002686
          ],
          [
            28.060727000037932,
            -26.19145300001545
          ],
          [
            28.06248400005735,
            -26.191505000000895
          ],
          [
            28.063265999980704,
            -26.192182000046685
          ],
          [
            28.063724999969907,
            -26.192743000003375
          ],
          [
            28.06417999998133,
            -26.19329700000538
          ],
          [
            28.064599999990758,
            -26.193809000030235
          ],
          [
            28.064733999978447,
            -26.193971999993085
          ],
          [
            28.064824189160532,
            -26.19408207454316
          ],
          [
            28.06489699746913,
            -26.194170936005776
          ]
        ]
      },
      "properties": {
        "operatorId": "reavaya",
        "routeCode": "T1",
        "routeFamily": "trunk",
        "segmentIndex": 22,
        "segmentIndexStatus": "source-feature-index-not-service-sequence",
        "sourcePhase": "Phase 1A",
        "sourceType": "Trunk",
        "geometryStatus": "official-supplemental-segment",
        "geometryDirection": "unverified",
        "serviceSequence": null,
        "sourceAuthority": "City of Johannesburg",
        "sourceService": "TransportationMaster",
        "sourceLayerName": "BRT T1 Thokoza To Ellis Park",
        "sourceObjectId": 22
      }
    },
    {
      "type": "Feature",
      "id": "reavaya-t2-segment-1",
      "geometry": {
        "type": "LineString",
        "coordinates": [
          [
            28.033724999963116,
            -26.2057119999528
          ],
          [
            28.03383200004329,
            -26.206442000047332
          ]
        ]
      },
      "properties": {
        "operatorId": "reavaya",
        "routeCode": "T2",
        "routeFamily": "trunk",
        "segmentIndex": 1,
        "segmentIndexStatus": "source-feature-index-not-service-sequence",
        "sourcePhase": "Phase 1A",
        "sourceType": "Trunk",
        "geometryStatus": "official-supplemental-segment",
        "geometryDirection": "unverified",
        "serviceSequence": null,
        "sourceAuthority": "City of Johannesburg",
        "sourceService": "TransportationMaster",
        "sourceLayerName": "BRT T2 Thokoza To Braamfontein",
        "sourceObjectId": 1
      }
    },
    {
      "type": "Feature",
      "id": "reavaya-t2-segment-2",
      "geometry": {
        "type": "LineString",
        "coordinates": [
          [
            28.03383200004329,
            -26.206442000047332
          ],
          [
            28.03461200000411,
            -26.20635699998194
          ],
          [
            28.035432999958317,
            -26.20625600004855
          ],
          [
            28.036564999976758,
            -26.206122000039972
          ],
          [
            28.037033000013192,
            -26.206068000043924
          ],
          [
            28.038154999997634,
            -26.205942999969803
          ],
          [
            28.038962999994457,
            -26.205844999956636
          ],
          [
            28.03974500001686,
            -26.20574399998257
          ],
          [
            28.04057699995891,
            -26.205645999995106
          ]
        ]
      },
      "properties": {
        "operatorId": "reavaya",
        "routeCode": "T2",
        "routeFamily": "trunk",
        "segmentIndex": 2,
        "segmentIndexStatus": "source-feature-index-not-service-sequence",
        "sourcePhase": "Phase 1B",
        "sourceType": "Trunk",
        "geometryStatus": "official-supplemental-segment",
        "geometryDirection": "unverified",
        "serviceSequence": null,
        "sourceAuthority": "City of Johannesburg",
        "sourceService": "TransportationMaster",
        "sourceLayerName": "BRT T2 Thokoza To Braamfontein",
        "sourceObjectId": 2
      }
    },
    {
      "type": "Feature",
      "id": "reavaya-t2-segment-3",
      "geometry": {
        "type": "LineString",
        "coordinates": [
          [
            28.033724999963116,
            -26.2057119999528
          ],
          [
            28.0340639999902,
            -26.205628999953447
          ],
          [
            28.034137999943642,
            -26.205610999972627
          ],
          [
            28.034496999942654,
            -26.205581999951093
          ],
          [
            28.034589000020222,
            -26.205574000046223
          ],
          [
            28.035317000045357,
            -26.205484000027788
          ],
          [
            28.035646999967003,
            -26.20544299997176
          ],
          [
            28.036932000024283,
            -26.205286999965743
          ],
          [
            28.037957000010486,
            -26.205161000026685
          ],
          [
            28.03804900000982,
            -26.20515000001
          ],
          [
            28.03885600003174,
            -26.20505199998482
          ],
          [
            28.03964099996857,
            -26.204955999959527
          ],
          [
            28.040461999987155,
            -26.204857000049948
          ],
          [
            28.041264999952457,
            -26.20475899996701
          ],
          [
            28.041905999963596,
            -26.20468199995472
          ],
          [
            28.042122999972936,
            -26.20465899998638
          ]
        ]
      },
      "properties": {
        "operatorId": "reavaya",
        "routeCode": "T2",
        "routeFamily": "trunk",
        "segmentIndex": 3,
        "segmentIndexStatus": "source-feature-index-not-service-sequence",
        "sourcePhase": "Phase 1B",
        "sourceType": "Trunk",
        "geometryStatus": "official-supplemental-segment",
        "geometryDirection": "unverified",
        "serviceSequence": null,
        "sourceAuthority": "City of Johannesburg",
        "sourceService": "TransportationMaster",
        "sourceLayerName": "BRT T2 Thokoza To Braamfontein",
        "sourceObjectId": 3
      }
    },
    {
      "type": "Feature",
      "id": "reavaya-t2-segment-4",
      "geometry": {
        "type": "LineString",
        "coordinates": [
          [
            27.889829000051968,
            -26.26233099997209
          ],
          [
            27.889773999952716,
            -26.262395999961615
          ],
          [
            27.888537000056424,
            -26.262678999970234
          ],
          [
            27.88700599995958,
            -26.262960999990973
          ],
          [
            27.885705000010276,
            -26.263091999987413
          ],
          [
            27.884888000030944,
            -26.263090000004233
          ],
          [
            27.88417400001195,
            -26.263262000039656
          ],
          [
            27.883020000013065,
            -26.263355999970873
          ],
          [
            27.882159999979752,
            -26.263543999981927
          ],
          [
            27.881508999989226,
            -26.263750999967385
          ],
          [
            27.88083800002302,
            -26.263995000030846
          ],
          [
            27.880228999961222,
            -26.264314999948798
          ],
          [
            27.87964200003616,
            -26.264598000010142
          ],
          [
            27.87897499999997,
            -26.265002000044028
          ],
          [
            27.87889499996064,
            -26.265062000034597
          ],
          [
            27.878725999947207,
            -26.26518700004637
          ],
          [
            27.878541000014074,
            -26.265344000046376
          ],
          [
            27.87832700002176,
            -26.265533999995604
          ],
          [
            27.878092999994113,
            -26.26575799999179
          ],
          [
            27.87795000001928,
            -26.265902999971907
          ],
          [
            27.877811999977563,
            -26.266052999957793
          ],
          [
            27.87766300004345,
            -26.266221000014234
          ],
          [
            27.877533000035037,
            -26.26637799998076
          ],
          [
            27.87739800005423,
            -26.266547000012938
          ],
          [
            27.87723600002362,
            -26.266766000010353
          ],
          [
            27.877087000056058,
            -26.26697499997441
          ],
          [
            27.876947999978043,
            -26.267193000048298
          ],
          [
            27.876870999946654,
            -26.267313999976324
          ],
          [
            27.87607899996382,
            -26.268582999954972
          ],
          [
            27.875917999962308,
            -26.268843000028912
          ]
        ]
      },
      "properties": {
        "operatorId": "reavaya",
        "routeCode": "T2",
        "routeFamily": "trunk",
        "segmentIndex": 4,
        "segmentIndexStatus": "source-feature-index-not-service-sequence",
        "sourcePhase": "Phase 1A",
        "sourceType": "Trunk",
        "geometryStatus": "official-supplemental-segment",
        "geometryDirection": "unverified",
        "serviceSequence": null,
        "sourceAuthority": "City of Johannesburg",
        "sourceService": "TransportationMaster",
        "sourceLayerName": "BRT T2 Thokoza To Braamfontein",
        "sourceObjectId": 4
      }
    },
    {
      "type": "Feature",
      "id": "reavaya-t2-segment-5",
      "geometry": {
        "type": "LineString",
        "coordinates": [
          [
            27.93211599997199,
            -26.227293999953954
          ],
          [
            27.931296000034624,
            -26.227608999963945
          ],
          [
            27.930868000001855,
            -26.22776199998982
          ],
          [
            27.930540999987453,
            -26.22787500004204
          ],
          [
            27.929990000024183,
            -26.22805300003467
          ],
          [
            27.929429000029423,
            -26.22824599997082
          ],
          [
            27.92887100002402,
            -26.228431000011383
          ],
          [
            27.92830600004437,
            -26.2286230000063
          ],
          [
            27.927732000025557,
            -26.22881500003353
          ],
          [
            27.92702899999655,
            -26.229032000004114
          ],
          [
            27.926739999964695,
            -26.22924700002692
          ],
          [
            27.926541000038952,
            -26.22949299996679
          ],
          [
            27.925192000039267,
            -26.23130699995169
          ],
          [
            27.924879000041614,
            -26.23172200000919
          ],
          [
            27.922986999949984,
            -26.23428899996093
          ],
          [
            27.922714999944443,
            -26.234666000026273
          ],
          [
            27.922395000050876,
            -26.23509000004373
          ],
          [
            27.920168999948633,
            -26.238088999992552
          ],
          [
            27.918976999978835,
            -26.239712000017672
          ],
          [
            27.91900199996635,
            -26.240115999975128
          ],
          [
            27.918673999980435,
            -26.240328000012745
          ],
          [
            27.918535999997484,
            -26.240312999996018
          ],
          [
            27.918381999983996,
            -26.24036699999644
          ],
          [
            27.91828799997802,
            -26.240419999987804
          ],
          [
            27.918270999980354,
            -26.240513000012932
          ],
          [
            27.917636999996326,
            -26.240856999978355
          ],
          [
            27.917027999952147,
            -26.24120300004722
          ],
          [
            27.914896999960572,
            -26.242518999979758
          ],
          [
            27.914501999976277,
            -26.242801000021142
          ],
          [
            27.914297000048823,
            -26.243143999991826
          ],
          [
            27.91411300002619,
            -26.243033999962154
          ]
        ]
      },
      "properties": {
        "operatorId": "reavaya",
        "routeCode": "T2",
        "routeFamily": "trunk",
        "segmentIndex": 5,
        "segmentIndexStatus": "source-feature-index-not-service-sequence",
        "sourcePhase": "Phase 1A",
        "sourceType": "Trunk",
        "geometryStatus": "official-supplemental-segment",
        "geometryDirection": "unverified",
        "serviceSequence": null,
        "sourceAuthority": "City of Johannesburg",
        "sourceService": "TransportationMaster",
        "sourceLayerName": "BRT T2 Thokoza To Braamfontein",
        "sourceObjectId": 5
      }
    },
    {
      "type": "Feature",
      "id": "reavaya-t2-segment-6",
      "geometry": {
        "type": "LineString",
        "coordinates": [
          [
            28.03383200004329,
            -26.206442000047332
          ],
          [
            28.03392299997144,
            -26.207008999960173
          ],
          [
            28.034023000056997,
            -26.2077180000016
          ],
          [
            28.034123000029226,
            -26.20844100002433
          ],
          [
            28.03421100003922,
            -26.208990000003606
          ],
          [
            28.034281999941513,
            -26.209228000031917
          ],
          [
            28.03449699999354,
            -26.20985799995693
          ],
          [
            28.03451200001567,
            -26.209953000046664
          ],
          [
            28.034508000047914,
            -26.210070000023
          ],
          [
            28.034490999977915,
            -26.210177999971243
          ],
          [
            28.03444899994809,
            -26.210285999950845
          ],
          [
            28.034390999994443,
            -26.210385000014373
          ],
          [
            28.034303999965886,
            -26.210486000048206
          ],
          [
            28.034240999951344,
            -26.210543999950072
          ],
          [
            28.033386000050484,
            -26.211323999982497
          ],
          [
            28.033043999953296,
            -26.211579000043844
          ],
          [
            28.03264700004704,
            -26.21190000002829
          ],
          [
            28.03228699995638,
            -26.21214899996722
          ],
          [
            28.031927000040803,
            -26.212407999983235
          ],
          [
            28.03058100002458,
            -26.212972000020603
          ],
          [
            28.030150999948898,
            -26.213205999985757
          ],
          [
            28.02998899995249,
            -26.21352599997707
          ],
          [
            28.03013000005751,
            -26.213795999992094
          ],
          [
            28.030390000053814,
            -26.214098000047194
          ],
          [
            28.030425999982256,
            -26.21438099997693
          ],
          [
            28.030255000028724,
            -26.214599000040185
          ],
          [
            28.02996699997175,
            -26.214779999977097
          ],
          [
            28.02928499996933,
            -26.214938000020307
          ],
          [
            28.028991000026437,
            -26.21514099996047
          ],
          [
            28.028819999983707,
            -26.215433000024863
          ],
          [
            28.02817299994736,
            -26.217102999995046
          ],
          [
            28.02778999998559,
            -26.21786800004472
          ],
          [
            28.027014000036527,
            -26.21922500002061
          ],
          [
            28.026834999942714,
            -26.21943400004148
          ],
          [
            28.02653799996019,
            -26.219629999968802
          ],
          [
            28.026023999980545,
            -26.219807000020676
          ],
          [
            28.02486799995569,
            -26.21988299998802
          ],
          [
            28.02480000005805,
            -26.220054000004264
          ],
          [
            28.025040000012048,
            -26.220304000014703
          ],
          [
            28.025088000031516,
            -26.220595000027384
          ],
          [
            28.02508799999208,
            -26.220928999963494
          ],
          [
            28.024871999954968,
            -26.22159799995766
          ],
          [
            28.0246780000301,
            -26.22219199997307
          ],
          [
            28.02436599996293,
            -26.222662000048743
          ],
          [
            28.02288500001245,
            -26.223611000001736
          ],
          [
            28.022636999982062,
            -26.223954000014228
          ],
          [
            28.022506999954615,
            -26.224371000002954
          ],
          [
            28.02232999999176,
            -26.22525800000389
          ],
          [
            28.022081999948913,
            -26.22677499995397
          ],
          [
            28.022069999955132,
            -26.227796999966753
          ],
          [
            28.021787999958914,
            -26.228353000018867
          ],
          [
            28.02132399995129,
            -26.228756000020525
          ],
          [
            28.020659000018124,
            -26.229060000032913
          ],
          [
            28.019467000040432,
            -26.22926599998494
          ],
          [
            28.018826999954072,
            -26.22923400003087
          ]
        ]
      },
      "properties": {
        "operatorId": "reavaya",
        "routeCode": "T2",
        "routeFamily": "trunk",
        "segmentIndex": 6,
        "segmentIndexStatus": "source-feature-index-not-service-sequence",
        "sourcePhase": "Phase 1A",
        "sourceType": "Trunk",
        "geometryStatus": "official-supplemental-segment",
        "geometryDirection": "unverified",
        "serviceSequence": null,
        "sourceAuthority": "City of Johannesburg",
        "sourceService": "TransportationMaster",
        "sourceLayerName": "BRT T2 Thokoza To Braamfontein",
        "sourceObjectId": 6
      }
    },
    {
      "type": "Feature",
      "id": "reavaya-t2-segment-7",
      "geometry": {
        "type": "LineString",
        "coordinates": [
          [
            28.018826999954072,
            -26.22923400003087
          ],
          [
            28.018126999946958,
            -26.229198999984316
          ],
          [
            28.01728200003305,
            -26.228939999972045
          ],
          [
            28.01657299998498,
            -26.228861000024363
          ],
          [
            28.015852999967247,
            -26.229039000032756
          ],
          [
            28.01469500004488,
            -26.229361999959547
          ],
          [
            28.0104139999898,
            -26.229715999973497
          ],
          [
            28.009356000026923,
            -26.22968699997034
          ],
          [
            28.00513600002937,
            -26.228828999962687
          ],
          [
            28.004162999944047,
            -26.228676000042693
          ],
          [
            28.003040999994493,
            -26.228699999983277
          ],
          [
            28.001189000043997,
            -26.228950999958
          ],
          [
            27.99254099996352,
            -26.23007199999888
          ],
          [
            27.984802999981888,
            -26.231108000046813
          ],
          [
            27.98105799997231,
            -26.231587000037724
          ],
          [
            27.97920100001576,
            -26.231997999955606
          ],
          [
            27.972864000053725,
            -26.2341570000004
          ],
          [
            27.971966999965666,
            -26.2342319999594
          ],
          [
            27.97095799996391,
            -26.234037999990466
          ],
          [
            27.969664000006105,
            -26.233695000010552
          ],
          [
            27.962672999965566,
            -26.231716000048447
          ],
          [
            27.961624000054353,
            -26.231560999972046
          ],
          [
            27.960502999977592,
            -26.23144399995874
          ],
          [
            27.959587999999346,
            -26.23169000000798
          ],
          [
            27.95877699999534,
            -26.231955000033125
          ],
          [
            27.95740500004099,
            -26.232682999975086
          ],
          [
            27.95645199995289,
            -26.233324999980955
          ],
          [
            27.95532799998769,
            -26.23357300000906
          ],
          [
            27.954441000035715,
            -26.233649999974084
          ],
          [
            27.95330700002307,
            -26.23346300003772
          ],
          [
            27.95161999996253,
            -26.233147000051776
          ],
          [
            27.950997999944594,
            -26.233158999953396
          ],
          [
            27.94941499995149,
            -26.23340100002006
          ],
          [
            27.94485599999172,
            -26.234261000041986
          ],
          [
            27.943455999982543,
            -26.234454000052246
          ],
          [
            27.940854000037202,
            -26.23415100003051
          ],
          [
            27.939509999979034,
            -26.23354100004383
          ],
          [
            27.938183000056842,
            -26.23294299998847
          ],
          [
            27.937735999968684,
            -26.232549999950646
          ],
          [
            27.937306999970335,
            -26.232140000003497
          ],
          [
            27.936803999999153,
            -26.23167899996536
          ],
          [
            27.93644999994206,
            -26.231303000001034
          ],
          [
            27.936040999956333,
            -26.230892999955742
          ],
          [
            27.93211599997199,
            -26.227293999953954
          ]
        ]
      },
      "properties": {
        "operatorId": "reavaya",
        "routeCode": "T2",
        "routeFamily": "trunk",
        "segmentIndex": 7,
        "segmentIndexStatus": "source-feature-index-not-service-sequence",
        "sourcePhase": "Phase 1A",
        "sourceType": "Trunk",
        "geometryStatus": "official-supplemental-segment",
        "geometryDirection": "unverified",
        "serviceSequence": null,
        "sourceAuthority": "City of Johannesburg",
        "sourceService": "TransportationMaster",
        "sourceLayerName": "BRT T2 Thokoza To Braamfontein",
        "sourceObjectId": 7
      }
    },
    {
      "type": "Feature",
      "id": "reavaya-t2-segment-8",
      "geometry": {
        "type": "LineString",
        "coordinates": [
          [
            28.040577999986798,
            -26.205646000047164
          ],
          [
            28.040461999987155,
            -26.204857000049948
          ],
          [
            28.040362999969133,
            -26.204144000010007
          ],
          [
            28.040259000001853,
            -26.203391999957205
          ],
          [
            28.040143000005497,
            -26.202605999962934
          ],
          [
            28.04002899995445,
            -26.20183499998143
          ],
          [
            28.039876999996245,
            -26.201087999962652
          ],
          [
            28.039819999985063,
            -26.20087700004458
          ],
          [
            28.039735999942955,
            -26.200326000007944
          ],
          [
            28.04065999996079,
            -26.20022000002634
          ],
          [
            28.04148900002148,
            -26.200130000044
          ]
        ]
      },
      "properties": {
        "operatorId": "reavaya",
        "routeCode": "T2",
        "routeFamily": "trunk",
        "segmentIndex": 8,
        "segmentIndexStatus": "source-feature-index-not-service-sequence",
        "sourcePhase": "Phase 1B",
        "sourceType": "Trunk",
        "geometryStatus": "official-supplemental-segment",
        "geometryDirection": "unverified",
        "serviceSequence": null,
        "sourceAuthority": "City of Johannesburg",
        "sourceService": "TransportationMaster",
        "sourceLayerName": "BRT T2 Thokoza To Braamfontein",
        "sourceObjectId": 8
      }
    },
    {
      "type": "Feature",
      "id": "reavaya-t2-segment-9",
      "geometry": {
        "type": "LineString",
        "coordinates": [
          [
            28.04064400000141,
            -26.194640000014296
          ],
          [
            28.04077199999475,
            -26.195219999981553
          ],
          [
            28.041202999986616,
            -26.19796499998566
          ],
          [
            28.041390999967565,
            -26.199368999989687
          ],
          [
            28.04146500005506,
            -26.19992299997979
          ],
          [
            28.04148900002148,
            -26.200130000044
          ],
          [
            28.041598999979172,
            -26.200897999992446
          ],
          [
            28.04170800005737,
            -26.20165899996461
          ],
          [
            28.041745000028158,
            -26.201918999978776
          ],
          [
            28.04181600003608,
            -26.202435999949802
          ],
          [
            28.041920999966628,
            -26.20320599998182
          ],
          [
            28.042012999976713,
            -26.203874999972317
          ],
          [
            28.04202599995825,
            -26.20396100004807
          ],
          [
            28.042122999972936,
            -26.20465899998638
          ]
        ]
      },
      "properties": {
        "operatorId": "reavaya",
        "routeCode": "T2",
        "routeFamily": "trunk",
        "segmentIndex": 9,
        "segmentIndexStatus": "source-feature-index-not-service-sequence",
        "sourcePhase": "Phase 1B",
        "sourceType": "Trunk",
        "geometryStatus": "official-supplemental-segment",
        "geometryDirection": "unverified",
        "serviceSequence": null,
        "sourceAuthority": "City of Johannesburg",
        "sourceService": "TransportationMaster",
        "sourceLayerName": "BRT T2 Thokoza To Braamfontein",
        "sourceObjectId": 9
      }
    },
    {
      "type": "Feature",
      "id": "reavaya-t2-segment-10",
      "geometry": {
        "type": "LineString",
        "coordinates": [
          [
            28.033724999963116,
            -26.2057119999528
          ],
          [
            28.03383200004329,
            -26.206442000047332
          ]
        ]
      },
      "properties": {
        "operatorId": "reavaya",
        "routeCode": "T2",
        "routeFamily": "trunk",
        "segmentIndex": 10,
        "segmentIndexStatus": "source-feature-index-not-service-sequence",
        "sourcePhase": "Phase 1A",
        "sourceType": "Trunk",
        "geometryStatus": "official-supplemental-segment",
        "geometryDirection": "unverified",
        "serviceSequence": null,
        "sourceAuthority": "City of Johannesburg",
        "sourceService": "TransportationMaster",
        "sourceLayerName": "BRT T2 Thokoza To Braamfontein",
        "sourceObjectId": 10
      }
    },
    {
      "type": "Feature",
      "id": "reavaya-t2-segment-11",
      "geometry": {
        "type": "LineString",
        "coordinates": [
          [
            28.033724999963116,
            -26.2057119999528
          ],
          [
            28.0340639999902,
            -26.205628999953447
          ],
          [
            28.034137999943642,
            -26.205610999972627
          ],
          [
            28.034496999942654,
            -26.205581999951093
          ],
          [
            28.034589000020222,
            -26.205574000046223
          ],
          [
            28.035317000045357,
            -26.205484000027788
          ],
          [
            28.035646999967003,
            -26.20544299997176
          ],
          [
            28.036932000024283,
            -26.205286999965743
          ],
          [
            28.037957000010486,
            -26.205161000026685
          ],
          [
            28.03804900000982,
            -26.20515000001
          ],
          [
            28.03885600003174,
            -26.20505199998482
          ],
          [
            28.03964099996857,
            -26.204955999959527
          ],
          [
            28.040461999987155,
            -26.204857000049948
          ],
          [
            28.041264999952457,
            -26.20475899996701
          ],
          [
            28.041905999963596,
            -26.20468199995472
          ],
          [
            28.042122999972936,
            -26.20465899998638
          ]
        ]
      },
      "properties": {
        "operatorId": "reavaya",
        "routeCode": "T2",
        "routeFamily": "trunk",
        "segmentIndex": 11,
        "segmentIndexStatus": "source-feature-index-not-service-sequence",
        "sourcePhase": "Phase 1B",
        "sourceType": "Trunk",
        "geometryStatus": "official-supplemental-segment",
        "geometryDirection": "unverified",
        "serviceSequence": null,
        "sourceAuthority": "City of Johannesburg",
        "sourceService": "TransportationMaster",
        "sourceLayerName": "BRT T2 Thokoza To Braamfontein",
        "sourceObjectId": 11
      }
    },
    {
      "type": "Feature",
      "id": "reavaya-t2-segment-12",
      "geometry": {
        "type": "LineString",
        "coordinates": [
          [
            27.889829000051968,
            -26.26233099997209
          ],
          [
            27.889773999952716,
            -26.262395999961615
          ],
          [
            27.888537000056424,
            -26.262678999970234
          ],
          [
            27.88700599995958,
            -26.262960999990973
          ],
          [
            27.885705000010276,
            -26.263091999987413
          ],
          [
            27.884888000030944,
            -26.263090000004233
          ],
          [
            27.88417400001195,
            -26.263262000039656
          ],
          [
            27.883020000013065,
            -26.263355999970873
          ],
          [
            27.882159999979752,
            -26.263543999981927
          ],
          [
            27.881508999989226,
            -26.263750999967385
          ],
          [
            27.88083800002302,
            -26.263995000030846
          ],
          [
            27.880228999961222,
            -26.264314999948798
          ],
          [
            27.87964200003616,
            -26.264598000010142
          ],
          [
            27.87897499999997,
            -26.265002000044028
          ],
          [
            27.87889499996064,
            -26.265062000034597
          ],
          [
            27.878725999947207,
            -26.26518700004637
          ],
          [
            27.878541000014074,
            -26.265344000046376
          ],
          [
            27.87832700002176,
            -26.265533999995604
          ],
          [
            27.878092999994113,
            -26.26575799999179
          ],
          [
            27.87795000001928,
            -26.265902999971907
          ],
          [
            27.877811999977563,
            -26.266052999957793
          ],
          [
            27.87766300004345,
            -26.266221000014234
          ],
          [
            27.877533000035037,
            -26.26637799998076
          ],
          [
            27.87739800005423,
            -26.266547000012938
          ],
          [
            27.87723600002362,
            -26.266766000010353
          ],
          [
            27.877087000056058,
            -26.26697499997441
          ],
          [
            27.876947999978043,
            -26.267193000048298
          ],
          [
            27.876870999946654,
            -26.267313999976324
          ],
          [
            27.87607899996382,
            -26.268582999954972
          ],
          [
            27.875917999962308,
            -26.268843000028912
          ]
        ]
      },
      "properties": {
        "operatorId": "reavaya",
        "routeCode": "T2",
        "routeFamily": "trunk",
        "segmentIndex": 12,
        "segmentIndexStatus": "source-feature-index-not-service-sequence",
        "sourcePhase": "Phase 1A",
        "sourceType": "Trunk",
        "geometryStatus": "official-supplemental-segment",
        "geometryDirection": "unverified",
        "serviceSequence": null,
        "sourceAuthority": "City of Johannesburg",
        "sourceService": "TransportationMaster",
        "sourceLayerName": "BRT T2 Thokoza To Braamfontein",
        "sourceObjectId": 12
      }
    },
    {
      "type": "Feature",
      "id": "reavaya-t2-segment-13",
      "geometry": {
        "type": "LineString",
        "coordinates": [
          [
            27.93211599997199,
            -26.227293999953954
          ],
          [
            27.931296000034624,
            -26.227608999963945
          ],
          [
            27.930868000001855,
            -26.22776199998982
          ],
          [
            27.930540999987453,
            -26.22787500004204
          ],
          [
            27.929990000024183,
            -26.22805300003467
          ],
          [
            27.929429000029423,
            -26.22824599997082
          ],
          [
            27.92887100002402,
            -26.228431000011383
          ],
          [
            27.92830600004437,
            -26.2286230000063
          ],
          [
            27.927732000025557,
            -26.22881500003353
          ],
          [
            27.92702899999655,
            -26.229032000004114
          ],
          [
            27.926739999964695,
            -26.22924700002692
          ],
          [
            27.926541000038952,
            -26.22949299996679
          ],
          [
            27.925192000039267,
            -26.23130699995169
          ],
          [
            27.924879000041614,
            -26.23172200000919
          ],
          [
            27.922986999949984,
            -26.23428899996093
          ],
          [
            27.922714999944443,
            -26.234666000026273
          ],
          [
            27.922395000050876,
            -26.23509000004373
          ],
          [
            27.920168999948633,
            -26.238088999992552
          ],
          [
            27.918976999978835,
            -26.239712000017672
          ],
          [
            27.91900199996635,
            -26.240115999975128
          ],
          [
            27.918673999980435,
            -26.240328000012745
          ],
          [
            27.918535999997484,
            -26.240312999996018
          ],
          [
            27.918381999983996,
            -26.24036699999644
          ],
          [
            27.91828799997802,
            -26.240419999987804
          ],
          [
            27.918270999980354,
            -26.240513000012932
          ],
          [
            27.917636999996326,
            -26.240856999978355
          ],
          [
            27.917027999952147,
            -26.24120300004722
          ],
          [
            27.914896999960572,
            -26.242518999979758
          ],
          [
            27.914501999976277,
            -26.242801000021142
          ],
          [
            27.914297000048823,
            -26.243143999991826
          ],
          [
            27.91411300002619,
            -26.243033999962154
          ]
        ]
      },
      "properties": {
        "operatorId": "reavaya",
        "routeCode": "T2",
        "routeFamily": "trunk",
        "segmentIndex": 13,
        "segmentIndexStatus": "source-feature-index-not-service-sequence",
        "sourcePhase": "Phase 1A",
        "sourceType": "Trunk",
        "geometryStatus": "official-supplemental-segment",
        "geometryDirection": "unverified",
        "serviceSequence": null,
        "sourceAuthority": "City of Johannesburg",
        "sourceService": "TransportationMaster",
        "sourceLayerName": "BRT T2 Thokoza To Braamfontein",
        "sourceObjectId": 13
      }
    },
    {
      "type": "Feature",
      "id": "reavaya-t2-segment-14",
      "geometry": {
        "type": "LineString",
        "coordinates": [
          [
            28.03383200004329,
            -26.206442000047332
          ],
          [
            28.03392299997144,
            -26.207008999960173
          ],
          [
            28.034023000056997,
            -26.2077180000016
          ],
          [
            28.034123000029226,
            -26.20844100002433
          ],
          [
            28.03421100003922,
            -26.208990000003606
          ],
          [
            28.034281999941513,
            -26.209228000031917
          ],
          [
            28.03449699999354,
            -26.20985799995693
          ],
          [
            28.03451200001567,
            -26.209953000046664
          ],
          [
            28.034508000047914,
            -26.210070000023
          ],
          [
            28.034490999977915,
            -26.210177999971243
          ],
          [
            28.03444899994809,
            -26.210285999950845
          ],
          [
            28.034390999994443,
            -26.210385000014373
          ],
          [
            28.034303999965886,
            -26.210486000048206
          ],
          [
            28.034240999951344,
            -26.210543999950072
          ],
          [
            28.033386000050484,
            -26.211323999982497
          ],
          [
            28.033043999953296,
            -26.211579000043844
          ],
          [
            28.03264700004704,
            -26.21190000002829
          ],
          [
            28.03228699995638,
            -26.21214899996722
          ],
          [
            28.031927000040803,
            -26.212407999983235
          ],
          [
            28.03058100002458,
            -26.212972000020603
          ],
          [
            28.030150999948898,
            -26.213205999985757
          ],
          [
            28.02998899995249,
            -26.21352599997707
          ],
          [
            28.03013000005751,
            -26.213795999992094
          ],
          [
            28.030390000053814,
            -26.214098000047194
          ],
          [
            28.030425999982256,
            -26.21438099997693
          ],
          [
            28.030255000028724,
            -26.214599000040185
          ],
          [
            28.02996699997175,
            -26.214779999977097
          ],
          [
            28.02928499996933,
            -26.214938000020307
          ],
          [
            28.028991000026437,
            -26.21514099996047
          ],
          [
            28.028819999983707,
            -26.215433000024863
          ],
          [
            28.02817299994736,
            -26.217102999995046
          ],
          [
            28.02778999998559,
            -26.21786800004472
          ],
          [
            28.027014000036527,
            -26.21922500002061
          ],
          [
            28.026834999942714,
            -26.21943400004148
          ],
          [
            28.02653799996019,
            -26.219629999968802
          ],
          [
            28.026023999980545,
            -26.219807000020676
          ],
          [
            28.02486799995569,
            -26.21988299998802
          ],
          [
            28.02480000005805,
            -26.220054000004264
          ],
          [
            28.025040000012048,
            -26.220304000014703
          ],
          [
            28.025088000031516,
            -26.220595000027384
          ],
          [
            28.02508799999208,
            -26.220928999963494
          ],
          [
            28.024871999954968,
            -26.22159799995766
          ],
          [
            28.0246780000301,
            -26.22219199997307
          ],
          [
            28.02436599996293,
            -26.222662000048743
          ],
          [
            28.02288500001245,
            -26.223611000001736
          ],
          [
            28.022636999982062,
            -26.223954000014228
          ],
          [
            28.022506999954615,
            -26.224371000002954
          ],
          [
            28.02232999999176,
            -26.22525800000389
          ],
          [
            28.022081999948913,
            -26.22677499995397
          ],
          [
            28.022069999955132,
            -26.227796999966753
          ],
          [
            28.021787999958914,
            -26.228353000018867
          ],
          [
            28.02132399995129,
            -26.228756000020525
          ],
          [
            28.020659000018124,
            -26.229060000032913
          ],
          [
            28.019467000040432,
            -26.22926599998494
          ],
          [
            28.018826999954072,
            -26.22923400003087
          ]
        ]
      },
      "properties": {
        "operatorId": "reavaya",
        "routeCode": "T2",
        "routeFamily": "trunk",
        "segmentIndex": 14,
        "segmentIndexStatus": "source-feature-index-not-service-sequence",
        "sourcePhase": "Phase 1A",
        "sourceType": "Trunk",
        "geometryStatus": "official-supplemental-segment",
        "geometryDirection": "unverified",
        "serviceSequence": null,
        "sourceAuthority": "City of Johannesburg",
        "sourceService": "TransportationMaster",
        "sourceLayerName": "BRT T2 Thokoza To Braamfontein",
        "sourceObjectId": 14
      }
    },
    {
      "type": "Feature",
      "id": "reavaya-t2-segment-15",
      "geometry": {
        "type": "LineString",
        "coordinates": [
          [
            28.018826999954072,
            -26.22923400003087
          ],
          [
            28.018126999946958,
            -26.229198999984316
          ],
          [
            28.01728200003305,
            -26.228939999972045
          ],
          [
            28.01657299998498,
            -26.228861000024363
          ],
          [
            28.015852999967247,
            -26.229039000032756
          ],
          [
            28.01469500004488,
            -26.229361999959547
          ],
          [
            28.0104139999898,
            -26.229715999973497
          ],
          [
            28.009356000026923,
            -26.22968699997034
          ],
          [
            28.00513600002937,
            -26.228828999962687
          ],
          [
            28.004162999944047,
            -26.228676000042693
          ],
          [
            28.003040999994493,
            -26.228699999983277
          ],
          [
            28.001189000043997,
            -26.228950999958
          ],
          [
            27.99254099996352,
            -26.23007199999888
          ],
          [
            27.984802999981888,
            -26.231108000046813
          ],
          [
            27.98105799997231,
            -26.231587000037724
          ],
          [
            27.97920100001576,
            -26.231997999955606
          ],
          [
            27.972864000053725,
            -26.2341570000004
          ],
          [
            27.971966999965666,
            -26.2342319999594
          ],
          [
            27.97095799996391,
            -26.234037999990466
          ],
          [
            27.969664000006105,
            -26.233695000010552
          ],
          [
            27.962672999965566,
            -26.231716000048447
          ],
          [
            27.961624000054353,
            -26.231560999972046
          ],
          [
            27.960502999977592,
            -26.23144399995874
          ],
          [
            27.959587999999346,
            -26.23169000000798
          ],
          [
            27.95877699999534,
            -26.231955000033125
          ],
          [
            27.95740500004099,
            -26.232682999975086
          ],
          [
            27.95645199995289,
            -26.233324999980955
          ],
          [
            27.95532799998769,
            -26.23357300000906
          ],
          [
            27.954441000035715,
            -26.233649999974084
          ],
          [
            27.95330700002307,
            -26.23346300003772
          ],
          [
            27.95161999996253,
            -26.233147000051776
          ],
          [
            27.950997999944594,
            -26.233158999953396
          ],
          [
            27.94941499995149,
            -26.23340100002006
          ],
          [
            27.94485599999172,
            -26.234261000041986
          ],
          [
            27.943455999982543,
            -26.234454000052246
          ],
          [
            27.940854000037202,
            -26.23415100003051
          ],
          [
            27.939509999979034,
            -26.23354100004383
          ],
          [
            27.938183000056842,
            -26.23294299998847
          ],
          [
            27.937735999968684,
            -26.232549999950646
          ],
          [
            27.937306999970335,
            -26.232140000003497
          ],
          [
            27.936803999999153,
            -26.23167899996536
          ],
          [
            27.93644999994206,
            -26.231303000001034
          ],
          [
            27.936040999956333,
            -26.230892999955742
          ],
          [
            27.93211599997199,
            -26.227293999953954
          ]
        ]
      },
      "properties": {
        "operatorId": "reavaya",
        "routeCode": "T2",
        "routeFamily": "trunk",
        "segmentIndex": 15,
        "segmentIndexStatus": "source-feature-index-not-service-sequence",
        "sourcePhase": "Phase 1A",
        "sourceType": "Trunk",
        "geometryStatus": "official-supplemental-segment",
        "geometryDirection": "unverified",
        "serviceSequence": null,
        "sourceAuthority": "City of Johannesburg",
        "sourceService": "TransportationMaster",
        "sourceLayerName": "BRT T2 Thokoza To Braamfontein",
        "sourceObjectId": 15
      }
    },
    {
      "type": "Feature",
      "id": "reavaya-t2-segment-16",
      "geometry": {
        "type": "LineString",
        "coordinates": [
          [
            28.03383200004329,
            -26.206442000047332
          ],
          [
            28.03461200000411,
            -26.20635699998194
          ],
          [
            28.035432999958317,
            -26.20625600004855
          ],
          [
            28.036564999976758,
            -26.206122000039972
          ],
          [
            28.037033000013192,
            -26.206068000043924
          ],
          [
            28.038154999997634,
            -26.205942999969803
          ],
          [
            28.038962999994457,
            -26.205844999956636
          ],
          [
            28.03974500001686,
            -26.20574399998257
          ],
          [
            28.04057699995891,
            -26.205645999995106
          ]
        ]
      },
      "properties": {
        "operatorId": "reavaya",
        "routeCode": "T2",
        "routeFamily": "trunk",
        "segmentIndex": 16,
        "segmentIndexStatus": "source-feature-index-not-service-sequence",
        "sourcePhase": "Phase 1B",
        "sourceType": "Trunk",
        "geometryStatus": "official-supplemental-segment",
        "geometryDirection": "unverified",
        "serviceSequence": null,
        "sourceAuthority": "City of Johannesburg",
        "sourceService": "TransportationMaster",
        "sourceLayerName": "BRT T2 Thokoza To Braamfontein",
        "sourceObjectId": 16
      }
    },
    {
      "type": "Feature",
      "id": "reavaya-t2-segment-17",
      "geometry": {
        "type": "LineString",
        "coordinates": [
          [
            28.04077199999475,
            -26.195219999981553
          ],
          [
            28.04077089446762,
            -26.19521499087298
          ],
          [
            28.04064400000141,
            -26.194640000014296
          ],
          [
            28.04058799996859,
            -26.194281000041723
          ],
          [
            28.040568999986093,
            -26.194147000019417
          ],
          [
            28.040555999992556,
            -26.194057000034118
          ],
          [
            28.040541043460664,
            -26.193962682068193
          ],
          [
            28.040507000043306,
            -26.193747999984613
          ],
          [
            28.040465999972515,
            -26.193488000009882
          ],
          [
            28.040436000012438,
            -26.193357000028758
          ],
          [
            28.04040500005334,
            -26.193280999985934
          ],
          [
            28.040364000050953,
            -26.193224999968407
          ],
          [
            28.040304999997787,
            -26.19316599996645
          ],
          [
            28.040233000029115,
            -26.193098000025167
          ],
          [
            28.04005520737988,
            -26.19294118290847
          ],
          [
            28.04005499995159,
            -26.192940999967785
          ],
          [
            28.039466000015814,
            -26.192494999969917
          ],
          [
            28.039393000015348,
            -26.192439999983797
          ],
          [
            28.039333999988806,
            -26.19236599995157
          ],
          [
            28.03927900000719,
            -26.19227699996047
          ],
          [
            28.039233124509494,
            -26.192173281459944
          ],
          [
            28.039232999995463,
            -26.19217299999317
          ],
          [
            28.039219999987633,
            -26.19212600001949
          ],
          [
            28.039170260105593,
            -26.191816382040322
          ],
          [
            28.038956400006203,
            -26.19047232005023
          ],
          [
            28.038989000003305,
            -26.190154000013745
          ],
          [
            28.039212782410264,
            -26.189979794362838
          ],
          [
            28.03961678269544,
            -26.18990523358436
          ],
          [
            28.040933999948702,
            -26.189821999998852
          ],
          [
            28.040988999993733,
            -26.1898320000417
          ],
          [
            28.041039999995963,
            -26.189851999999885
          ],
          [
            28.041082000003225,
            -26.18988599999266
          ],
          [
            28.04111899999367,
            -26.189935999959683
          ],
          [
            28.041214725952933,
            -26.190421175724477
          ],
          [
            28.04122399999543,
            -26.190532000051228
          ],
          [
            28.04129099997535,
            -26.190945000017443
          ],
          [
            28.04131371568532,
            -26.19108508054608
          ],
          [
            28.04133953954631,
            -26.191263746400324
          ],
          [
            28.041372883598772,
            -26.19149444157717
          ],
          [
            28.041395759971056,
            -26.191652219997472
          ],
          [
            28.041315814833755,
            -26.191098025721214
          ],
          [
            28.041411000011752,
            -26.191684999959918
          ],
          [
            28.041443921202447,
            -26.191985920904564
          ],
          [
            28.041405641313958,
            -26.191721078489145
          ],
          [
            28.041444802641845,
            -26.19199397768194
          ],
          [
            28.041459336691215,
            -26.192126828077043
          ],
          [
            28.041422711850906,
            -26.19237358058298
          ],
          [
            28.041441964079304,
            -26.192335442633144
          ],
          [
            28.04144799998778,
            -26.192318999960055
          ],
          [
            28.041463999999745,
            -26.19222900001976
          ],
          [
            28.041462805674517,
            -26.192158536929586
          ],
          [
            28.041475000013907,
            -26.19227000005168
          ],
          [
            28.041441964079304,
            -26.192335442633144
          ],
          [
            28.041419000023275,
            -26.19239800002147
          ],
          [
            28.04138351496307,
            -26.19245122761395
          ],
          [
            28.04137300004329,
            -26.192467000052556
          ],
          [
            28.041345930709905,
            -26.19250045641795
          ],
          [
            28.04128399995257,
            -26.192577000019376
          ],
          [
            28.04128379543066,
            -26.192577144700326
          ],
          [
            28.041283242577926,
            -26.19257753144709
          ],
          [
            28.04120008282236,
            -26.192636530997678
          ],
          [
            28.041166999943865,
            -26.192659999982446
          ],
          [
            28.041143094504193,
            -26.192674905763912
          ],
          [
            28.041122520021375,
            -26.192689199974872
          ],
          [
            28.041121170015277,
            -26.192689514374887
          ],
          [
            28.040887999979436,
            -26.192833999950718
          ],
          [
            28.040957859585724,
            -26.19279042787779
          ],
          [
            28.040852703172998,
            -26.192854857251998
          ],
          [
            28.040778000048356,
            -26.192898999960462
          ],
          [
            28.040708000054757,
            -26.19296400004928
          ],
          [
            28.040655999950566,
            -26.193029000039594
          ],
          [
            28.040640858089144,
            -26.193055842578264
          ],
          [
            28.04061200002176,
            -26.193106999987236
          ],
          [
            28.040602116481598,
            -26.193135510230707
          ],
          [
            28.04058300002173,
            -26.193298000021688
          ],
          [
            28.040582277264118,
            -26.193401349151884
          ],
          [
            28.04058200001736,
            -26.193440999985683
          ],
          [
            28.04060010344075,
            -26.193545276117778
          ],
          [
            28.040624000028824,
            -26.193735000033477
          ],
          [
            28.04064961353746,
            -26.19394043142348
          ],
          [
            28.04066096023808,
            -26.194031436590805
          ],
          [
            28.040768000023373,
            -26.19462500003736
          ]
        ]
      },
      "properties": {
        "operatorId": "reavaya",
        "routeCode": "T2",
        "routeFamily": "trunk",
        "segmentIndex": 17,
        "segmentIndexStatus": "source-feature-index-not-service-sequence",
        "sourcePhase": null,
        "sourceType": null,
        "geometryStatus": "official-supplemental-segment",
        "geometryDirection": "unverified",
        "serviceSequence": null,
        "sourceAuthority": "City of Johannesburg",
        "sourceService": "TransportationMaster",
        "sourceLayerName": "BRT T2 Thokoza To Braamfontein",
        "sourceObjectId": 17
      }
    },
    {
      "type": "Feature",
      "id": "reavaya-t3-segment-1",
      "geometry": {
        "type": "MultiLineString",
        "coordinates": [
          [
            [
              28.00220300005828,
              -26.182650999972587
            ],
            [
              28.002284999987317,
              -26.18267500001042
            ],
            [
              28.002794999945408,
              -26.182780000028394
            ],
            [
              28.004237999943687,
              -26.183072000012753
            ],
            [
              28.006252000017188,
              -26.183543000015554
            ],
            [
              28.00825200004697,
              -26.183983999958187
            ],
            [
              28.010384999956845,
              -26.18446200002807
            ],
            [
              28.010560999990016,
              -26.184481999969943
            ],
            [
              28.010873999998047,
              -26.184517999997126
            ],
            [
              28.011173999947076,
              -26.184565999976297
            ],
            [
              28.01164900003088,
              -26.184523000022754
            ],
            [
              28.01182300003035,
              -26.184440999972026
            ],
            [
              28.01196399996748,
              -26.184373999969647
            ],
            [
              28.012067999950464,
              -26.184264000002873
            ],
            [
              28.012325000039784,
              -26.184199999974382
            ],
            [
              28.01355200004355,
              -26.183962999950165
            ],
            [
              28.013817000009578,
              -26.183912000007226
            ],
            [
              28.01406299999157,
              -26.183852000047217
            ],
            [
              28.014144000017712,
              -26.183831999979432
            ],
            [
              28.01431299997144,
              -26.18380500001325
            ],
            [
              28.015615000056563,
              -26.18354100004732
            ],
            [
              28.017572000028878,
              -26.18319000002994
            ],
            [
              28.0176829999491,
              -26.183169999970907
            ],
            [
              28.017817000042616,
              -26.183140999992762
            ],
            [
              28.018508000022916,
              -26.183004999966887
            ],
            [
              28.018769999950152,
              -26.18294699996783
            ],
            [
              28.01909400000803,
              -26.182896999983356
            ],
            [
              28.019514999970177,
              -26.182912000014355
            ],
            [
              28.01972899994936,
              -26.18295899995902
            ],
            [
              28.019976000036888,
              -26.183020000013805
            ],
            [
              28.020347999941897,
              -26.183110999996558
            ],
            [
              28.020838000035646,
              -26.18324999998593
            ],
            [
              28.023419999953827,
              -26.18395499998189
            ],
            [
              28.027389999966847,
              -26.184989000034218
            ],
            [
              28.02765700005159,
              -26.185056999950703
            ],
            [
              28.02801699997701,
              -26.185152000034176
            ],
            [
              28.02832200000948,
              -26.18523100001654
            ],
            [
              28.028495999959535,
              -26.185262000033816
            ],
            [
              28.028898999954162,
              -26.185360999957613
            ],
            [
              28.030071999942642,
              -26.18564900004932
            ],
            [
              28.030589999962814,
              -26.185774999962067
            ]
          ],
          [
            [
              28.040790000034775,
              -26.18980800001296
            ],
            [
              28.03933000001743,
              -26.189928999949988
            ],
            [
              28.03912000005194,
              -26.190019999995297
            ],
            [
              28.039035999959225,
              -26.190084999953147
            ],
            [
              28.038989000003305,
              -26.190154000013745
            ],
            [
              28.03897199997378,
              -26.19021100000599
            ],
            [
              28.038956000041612,
              -26.190471999969667
            ],
            [
              28.038989000015288,
              -26.190571999958316
            ],
            [
              28.03913900005799,
              -26.19157900000628
            ],
            [
              28.039203000031147,
              -26.192064999986485
            ],
            [
              28.039219999987633,
              -26.19212600001949
            ],
            [
              28.039232999995463,
              -26.19217299999317
            ],
            [
              28.03927900000719,
              -26.19227699996047
            ],
            [
              28.039333999988806,
              -26.19236599995157
            ],
            [
              28.039393000015348,
              -26.192439999983797
            ],
            [
              28.039466000015814,
              -26.192494999969917
            ],
            [
              28.04005499995159,
              -26.192940999967785
            ],
            [
              28.040233000029115,
              -26.193098000025167
            ],
            [
              28.040304999997787,
              -26.19316599996645
            ],
            [
              28.040364000050953,
              -26.193224999968407
            ],
            [
              28.04040500005334,
              -26.193280999985934
            ],
            [
              28.040436000012438,
              -26.193357000028758
            ],
            [
              28.040465999972515,
              -26.193488000009882
            ],
            [
              28.040507000043306,
              -26.193747999984613
            ],
            [
              28.040555999992556,
              -26.194057000034118
            ],
            [
              28.040568999986093,
              -26.194147000019417
            ],
            [
              28.04058799996859,
              -26.194281000041723
            ],
            [
              28.04064400000141,
              -26.194640000014296
            ],
            [
              28.04077199999475,
              -26.195219999981553
            ],
            [
              28.04179100000074,
              -26.19513200001046
            ],
            [
              28.04170799994902,
              -26.194523000008815
            ],
            [
              28.040768000023373,
              -26.19462500003736
            ]
          ],
          [
            [
              28.04083500004447,
              -26.19461600004311
            ],
            [
              28.040768000023373,
              -26.19462500003736
            ],
            [
              28.04073200005753,
              -26.19445200005281
            ],
            [
              28.040632000036407,
              -26.193729000024117
            ],
            [
              28.04058200001736,
              -26.193440999985683
            ],
            [
              28.04058300002173,
              -26.193298000021688
            ],
            [
              28.040607000017555,
              -26.193093999948616
            ],
            [
              28.04073300004665,
              -26.192952000033518
            ],
            [
              28.041176000051646,
              -26.192659000043996
            ],
            [
              28.041370000035666,
              -26.192477999964915
            ],
            [
              28.041475000013907,
              -26.19227000005168
            ],
            [
              28.041411000011752,
              -26.191684999959918
            ],
            [
              28.04129099997535,
              -26.190945000017443
            ],
            [
              28.04122399999543,
              -26.190532000051228
            ],
            [
              28.0412040000381,
              -26.190293000006044
            ],
            [
              28.041165999969976,
              -26.189798999975366
            ],
            [
              28.041142000036732,
              -26.189531000026186
            ],
            [
              28.04100099999001,
              -26.188138000013705
            ],
            [
              28.041029999957544,
              -26.187482000010704
            ],
            [
              28.041070000033514,
              -26.1872969999677
            ],
            [
              28.0410879999505,
              -26.187077999989228
            ],
            [
              28.041068000011126,
              -26.186994999996475
            ],
            [
              28.041047999966477,
              -26.186919000023416
            ],
            [
              28.04101699997776,
              -26.186846999997112
            ],
            [
              28.04097699999721,
              -26.186754000007817
            ],
            [
              28.04094500003435,
              -26.18662300005165
            ],
            [
              28.04093900000697,
              -26.186449999984678
            ],
            [
              28.04100600003009,
              -26.18551799998306
            ],
            [
              28.041020999945445,
              -26.185327000026433
            ],
            [
              28.041022999954865,
              -26.185238999997164
            ],
            [
              28.040914999981133,
              -26.185233000032195
            ],
            [
              28.039837000049754,
              -26.18517399996149
            ],
            [
              28.038867000025693,
              -26.185134999972313
            ],
            [
              28.03864400001232,
              -26.185172999956485
            ],
            [
              28.03721899997541,
              -26.185585999980564
            ],
            [
              28.036952000057806,
              -26.185701999968913
            ],
            [
              28.036297999992478,
              -26.18656500001224
            ],
            [
              28.035973000006198,
              -26.186997000032992
            ],
            [
              28.035862000053346,
              -26.18710399998483
            ],
            [
              28.035759000030847,
              -26.187181999982357
            ],
            [
              28.035710000034225,
              -26.18720899997979
            ],
            [
              28.03565600003577,
              -26.187228000022685
            ],
            [
              28.035527999948517,
              -26.18722600002199
            ],
            [
              28.035030999941643,
              -26.18717100004068
            ],
            [
              28.034377000005893,
              -26.187094000047345
            ],
            [
              28.033725000012527,
              -26.187008999975287
            ],
            [
              28.03336299997829,
              -26.186961999979378
            ],
            [
              28.032935000017478,
              -26.18681099999286
            ],
            [
              28.03263599994769,
              -26.186651000023875
            ],
            [
              28.032440000033674,
              -26.186555999974527
            ],
            [
              28.03237200004364,
              -26.186515000021597
            ],
            [
              28.03160600003527,
              -26.186070000029574
            ],
            [
              28.031168999991547,
              -26.185917999952387
            ],
            [
              28.030646999945304,
              -26.185791000023336
            ]
          ]
        ]
      },
      "properties": {
        "operatorId": "reavaya",
        "routeCode": "T3",
        "routeFamily": "trunk",
        "segmentIndex": 1,
        "segmentIndexStatus": "source-feature-index-not-service-sequence",
        "sourcePhase": "Phase 1B",
        "sourceType": "Complementary",
        "geometryStatus": "official-supplemental-segment",
        "geometryDirection": "unverified",
        "serviceSequence": null,
        "sourceAuthority": "City of Johannesburg",
        "sourceService": "TransportationMaster",
        "sourceLayerName": "BRT T3 Thokoza To Metro Centre",
        "sourceObjectId": 1
      }
    },
    {
      "type": "Feature",
      "id": "reavaya-t3-segment-2",
      "geometry": {
        "type": "LineString",
        "coordinates": [
          [
            28.040790000034775,
            -26.18980800001296
          ],
          [
            28.03933000001743,
            -26.189928999949988
          ],
          [
            28.03912000005194,
            -26.190019999995297
          ],
          [
            28.039035999959225,
            -26.190084999953147
          ],
          [
            28.038989000003305,
            -26.190154000013745
          ],
          [
            28.03897199997378,
            -26.19021100000599
          ],
          [
            28.038956000041612,
            -26.190471999969667
          ],
          [
            28.038989000015288,
            -26.190571999958316
          ],
          [
            28.03913900005799,
            -26.19157900000628
          ],
          [
            28.039203000031147,
            -26.192064999986485
          ],
          [
            28.039219999987633,
            -26.19212600001949
          ],
          [
            28.039232999995463,
            -26.19217299999317
          ],
          [
            28.03927900000719,
            -26.19227699996047
          ],
          [
            28.039333999988806,
            -26.19236599995157
          ],
          [
            28.039393000015348,
            -26.192439999983797
          ],
          [
            28.039466000015814,
            -26.192494999969917
          ],
          [
            28.04005499995159,
            -26.192940999967785
          ],
          [
            28.040233000029115,
            -26.193098000025167
          ],
          [
            28.040304999997787,
            -26.19316599996645
          ],
          [
            28.040364000050953,
            -26.193224999968407
          ],
          [
            28.04040500005334,
            -26.193280999985934
          ],
          [
            28.040436000012438,
            -26.193357000028758
          ],
          [
            28.040465999972515,
            -26.193488000009882
          ],
          [
            28.040507000043306,
            -26.193747999984613
          ],
          [
            28.040555999992556,
            -26.194057000034118
          ],
          [
            28.040568999986093,
            -26.194147000019417
          ],
          [
            28.04058799996859,
            -26.194281000041723
          ],
          [
            28.04064400000141,
            -26.194640000014296
          ],
          [
            28.04077199999475,
            -26.195219999981553
          ],
          [
            28.04179100000074,
            -26.19513200001046
          ],
          [
            28.04170799994902,
            -26.194523000008815
          ],
          [
            28.040768000023373,
            -26.19462500003736
          ],
          [
            28.04073200005753,
            -26.19445200005281
          ],
          [
            28.040632000036407,
            -26.193729000024117
          ],
          [
            28.04058200001736,
            -26.193440999985683
          ],
          [
            28.04058300002173,
            -26.193298000021688
          ],
          [
            28.040607000017555,
            -26.193093999948616
          ],
          [
            28.04073300004665,
            -26.192952000033518
          ],
          [
            28.041176000051646,
            -26.192659000043996
          ],
          [
            28.041370000035666,
            -26.192477999964915
          ],
          [
            28.041475000013907,
            -26.19227000005168
          ],
          [
            28.041411000011752,
            -26.191684999959918
          ],
          [
            28.04129099997535,
            -26.190945000017443
          ],
          [
            28.04122399999543,
            -26.190532000051228
          ],
          [
            28.0412040000381,
            -26.190293000006044
          ],
          [
            28.041165999969976,
            -26.189798999975366
          ],
          [
            28.041142000036732,
            -26.189531000026186
          ],
          [
            28.04100099999001,
            -26.188138000013705
          ],
          [
            28.041029999957544,
            -26.187482000010704
          ],
          [
            28.041070000033514,
            -26.1872969999677
          ],
          [
            28.0410879999505,
            -26.187077999989228
          ],
          [
            28.041068000011126,
            -26.186994999996475
          ],
          [
            28.041047999966477,
            -26.186919000023416
          ],
          [
            28.04101699997776,
            -26.186846999997112
          ],
          [
            28.04097699999721,
            -26.186754000007817
          ],
          [
            28.04094500003435,
            -26.18662300005165
          ],
          [
            28.04093900000697,
            -26.186449999984678
          ],
          [
            28.04100600003009,
            -26.18551799998306
          ],
          [
            28.041020999945445,
            -26.185327000026433
          ],
          [
            28.041022999954865,
            -26.185238999997164
          ]
        ]
      },
      "properties": {
        "operatorId": "reavaya",
        "routeCode": "T3",
        "routeFamily": "trunk",
        "segmentIndex": 2,
        "segmentIndexStatus": "source-feature-index-not-service-sequence",
        "sourcePhase": "Phase 1B",
        "sourceType": "Complementary",
        "geometryStatus": "official-supplemental-segment",
        "geometryDirection": "unverified",
        "serviceSequence": null,
        "sourceAuthority": "City of Johannesburg",
        "sourceService": "TransportationMaster",
        "sourceLayerName": "BRT T3 Thokoza To Metro Centre",
        "sourceObjectId": 2
      }
    },
    {
      "type": "Feature",
      "id": "reavaya-t3-segment-3",
      "geometry": {
        "type": "LineString",
        "coordinates": [
          [
            28.04100000000266,
            -26.185325999989466
          ],
          [
            28.040911000037113,
            -26.18541199997437
          ],
          [
            28.040861000052825,
            -26.186647000020102
          ],
          [
            28.04085999997035,
            -26.18678199996052
          ],
          [
            28.04087400000043,
            -26.186875999964673
          ],
          [
            28.040975999955826,
            -26.187140000021508
          ],
          [
            28.04104499994836,
            -26.187238999949987
          ],
          [
            28.04104199997838,
            -26.18732100002559
          ],
          [
            28.040996000024837,
            -26.18803800003606
          ],
          [
            28.04099200002307,
            -26.188180000050483
          ],
          [
            28.041005000001544,
            -26.18831099995073
          ],
          [
            28.04103699998232,
            -26.18859999996601
          ],
          [
            28.041041000036305,
            -26.188634000014996
          ],
          [
            28.041038000052836,
            -26.18859800005085
          ],
          [
            28.04103699998232,
            -26.18859999996601
          ],
          [
            28.041010999997113,
            -26.18865799996458
          ],
          [
            28.041080000022365,
            -26.189531999984467
          ],
          [
            28.041049999993174,
            -26.189588000045728
          ],
          [
            28.041009999993268,
            -26.189637000039745
          ],
          [
            28.040964999960284,
            -26.18968799996099
          ],
          [
            28.040790000034775,
            -26.18980800001296
          ]
        ]
      },
      "properties": {
        "operatorId": "reavaya",
        "routeCode": "T3",
        "routeFamily": "trunk",
        "segmentIndex": 3,
        "segmentIndexStatus": "source-feature-index-not-service-sequence",
        "sourcePhase": "Phase 1B",
        "sourceType": "Feeder",
        "geometryStatus": "official-supplemental-segment",
        "geometryDirection": "unverified",
        "serviceSequence": null,
        "sourceAuthority": "City of Johannesburg",
        "sourceService": "TransportationMaster",
        "sourceLayerName": "BRT T3 Thokoza To Metro Centre",
        "sourceObjectId": 3
      }
    },
    {
      "type": "Feature",
      "id": "reavaya-t3-segment-4",
      "geometry": {
        "type": "LineString",
        "coordinates": [
          [
            28.040841000036586,
            -26.194617999975858
          ],
          [
            28.040763999961595,
            -26.194514000040368
          ],
          [
            28.040736000007673,
            -26.194435000013545
          ],
          [
            28.04067300000764,
            -26.194128000035338
          ],
          [
            28.040624000028824,
            -26.193735000033477
          ],
          [
            28.04059099999352,
            -26.19347299999835
          ],
          [
            28.040576999985642,
            -26.19335799998829
          ],
          [
            28.040574000017997,
            -26.193267000040347
          ],
          [
            28.04058499999142,
            -26.193182000034792
          ],
          [
            28.04061200002176,
            -26.193106999987236
          ],
          [
            28.040655999950566,
            -26.193029000039594
          ],
          [
            28.040708000054757,
            -26.19296400004928
          ],
          [
            28.040778000048356,
            -26.192898999960462
          ],
          [
            28.040887999979436,
            -26.192833999950718
          ],
          [
            28.041082000001445,
            -26.192713000030093
          ],
          [
            28.041166999943865,
            -26.192659999982446
          ],
          [
            28.04128399995257,
            -26.192577000019376
          ],
          [
            28.04137300004329,
            -26.192467000052556
          ],
          [
            28.041419000023275,
            -26.19239800002147
          ],
          [
            28.04144799998778,
            -26.192318999960055
          ],
          [
            28.041463999999745,
            -26.19222900001976
          ],
          [
            28.041462000040667,
            -26.192110999957123
          ],
          [
            28.041289999969596,
            -26.19092100002454
          ],
          [
            28.04123499999482,
            -26.1905369999712
          ],
          [
            28.041215999965917,
            -26.190363000011722
          ],
          [
            28.041210000037598,
            -26.190302000045676
          ],
          [
            28.041193999954793,
            -26.190148999959767
          ],
          [
            28.041177999998006,
            -26.19000000000259
          ],
          [
            28.04116899996392,
            -26.189908999958135
          ],
          [
            28.041157000047182,
            -26.189800999952453
          ],
          [
            28.041143000014394,
            -26.189670000039833
          ],
          [
            28.041113999965546,
            -26.189389999985664
          ],
          [
            28.041041000036305,
            -26.188634000014996
          ],
          [
            28.041004000004328,
            -26.188311000010028
          ],
          [
            28.04099300001917,
            -26.18817999999123
          ],
          [
            28.040996000024837,
            -26.18803800003606
          ],
          [
            28.04104199997838,
            -26.18732100002559
          ],
          [
            28.041042999997696,
            -26.187198999997104
          ],
          [
            28.041033999985945,
            -26.187111000016703
          ],
          [
            28.04100499998434,
            -26.187018000009296
          ],
          [
            28.040956999969502,
            -26.186911999952617
          ],
          [
            28.04092000000041,
            -26.186783000040787
          ],
          [
            28.04090399994998,
            -26.186676999966526
          ],
          [
            28.04091199997846,
            -26.18654800002049
          ],
          [
            28.040927000021924,
            -26.186257000020188
          ],
          [
            28.04100000000266,
            -26.185325999989466
          ]
        ]
      },
      "properties": {
        "operatorId": "reavaya",
        "routeCode": "T3",
        "routeFamily": "trunk",
        "segmentIndex": 4,
        "segmentIndexStatus": "source-feature-index-not-service-sequence",
        "sourcePhase": "Phase 1B",
        "sourceType": "Trunk",
        "geometryStatus": "official-supplemental-segment",
        "geometryDirection": "unverified",
        "serviceSequence": null,
        "sourceAuthority": "City of Johannesburg",
        "sourceService": "TransportationMaster",
        "sourceLayerName": "BRT T3 Thokoza To Metro Centre",
        "sourceObjectId": 4
      }
    }
  ]
}